CREATE DATABASE  IF NOT EXISTS `nessuste_vinculacion` /*!40100 DEFAULT CHARACTER SET utf8mb4 COLLATE utf8mb4_0900_ai_ci */ /*!80016 DEFAULT ENCRYPTION='N' */;
USE `nessuste_vinculacion`;
-- MySQL dump 10.13  Distrib 8.0.34, for Win64 (x86_64)
--
-- Host: localhost    Database: nessuste_vinculacion
-- ------------------------------------------------------
-- Server version	8.0.35

/*!40101 SET @OLD_CHARACTER_SET_CLIENT=@@CHARACTER_SET_CLIENT */;
/*!40101 SET @OLD_CHARACTER_SET_RESULTS=@@CHARACTER_SET_RESULTS */;
/*!40101 SET @OLD_COLLATION_CONNECTION=@@COLLATION_CONNECTION */;
/*!50503 SET NAMES utf8 */;
/*!40103 SET @OLD_TIME_ZONE=@@TIME_ZONE */;
/*!40103 SET TIME_ZONE='+00:00' */;
/*!40014 SET @OLD_UNIQUE_CHECKS=@@UNIQUE_CHECKS, UNIQUE_CHECKS=0 */;
/*!40014 SET @OLD_FOREIGN_KEY_CHECKS=@@FOREIGN_KEY_CHECKS, FOREIGN_KEY_CHECKS=0 */;
/*!40101 SET @OLD_SQL_MODE=@@SQL_MODE, SQL_MODE='NO_AUTO_VALUE_ON_ZERO' */;
/*!40111 SET @OLD_SQL_NOTES=@@SQL_NOTES, SQL_NOTES=0 */;

--
-- Table structure for table `auditoria`
--

DROP TABLE IF EXISTS `auditoria`;
/*!40101 SET @saved_cs_client     = @@character_set_client */;
/*!50503 SET character_set_client = utf8mb4 */;
CREATE TABLE `auditoria` (
  `id` bigint NOT NULL AUTO_INCREMENT,
  `actor_tipo` enum('empresa','usuario','sistema') COLLATE utf8mb4_general_ci NOT NULL,
  `actor_id` bigint DEFAULT NULL,
  `accion` varchar(100) COLLATE utf8mb4_general_ci NOT NULL,
  `entidad` varchar(100) COLLATE utf8mb4_general_ci NOT NULL,
  `entidad_id` bigint DEFAULT NULL,
  `ip` varchar(45) COLLATE utf8mb4_general_ci DEFAULT NULL,
  `ts` datetime NOT NULL DEFAULT CURRENT_TIMESTAMP,
  PRIMARY KEY (`id`),
  KEY `idx_auditoria_entidad` (`entidad`,`entidad_id`),
  KEY `idx_auditoria_actor` (`actor_tipo`,`actor_id`)
) ENGINE=InnoDB AUTO_INCREMENT=37 DEFAULT CHARSET=utf8mb4 COLLATE=utf8mb4_general_ci;
/*!40101 SET character_set_client = @saved_cs_client */;

--
-- Dumping data for table `auditoria`
--

LOCK TABLES `auditoria` WRITE;
/*!40000 ALTER TABLE `auditoria` DISABLE KEYS */;
INSERT INTO `auditoria` VALUES (1,'sistema',NULL,'crear','rp_convenio',1,'::1','2025-12-08 01:58:06'),(2,'usuario',1,'generar_machote','rp_convenio',1,'::1','2025-12-08 01:58:47'),(3,'sistema',NULL,'crear','rp_convenio',2,'::1','2025-12-08 03:04:32'),(4,'usuario',1,'generar_machote','rp_convenio',2,'::1','2025-12-08 03:06:37'),(5,'usuario',1,'actualizar_machote_html','rp_convenio_machote',2,'::1','2025-12-08 03:06:43'),(6,'sistema',NULL,'actualizar','rp_convenio',1,'::1','2025-12-08 03:52:38'),(7,'usuario',1,'generar_machote','rp_convenio',2,'::1','2025-12-08 07:44:35'),(8,'sistema',NULL,'crear','rp_empresa',21,'::1','2025-12-08 07:45:46'),(9,'sistema',NULL,'crear','rp_convenio',3,'::1','2025-12-08 07:46:15'),(10,'usuario',1,'generar_machote','rp_convenio',3,'::1','2025-12-08 07:46:18'),(11,'usuario',1,'actualizar_machote_html','rp_convenio_machote',4,'::1','2025-12-08 07:46:24'),(12,'usuario',1,'actualizar_machote_html','rp_convenio_machote',4,'::1','2025-12-08 07:49:04'),(13,'usuario',1,'actualizar','rp_empresa',21,'::1','2025-12-08 07:54:49'),(14,'sistema',NULL,'crear','rp_portal_acceso',21,'::1','2025-12-08 08:03:41'),(15,'usuario',1,'actualizar','rp_empresa',21,'::1','2025-12-08 08:37:15'),(16,'empresa',21,'confirmar','rp_convenio_machote',4,'::1','2025-12-08 09:13:24'),(17,'usuario',1,'actualizar','rp_empresa',21,'::1','2025-12-08 09:14:02'),(18,'sistema',NULL,'actualizar','rp_convenio',3,'::1','2025-12-08 09:16:42'),(19,'sistema',NULL,'aprobar','rp_convenio',3,'::1','2025-12-08 09:16:47'),(20,'usuario',1,'subir','rp_empresa_doc',1,'::1','2025-12-08 09:17:47'),(21,'usuario',1,'subir','rp_empresa_doc',2,'::1','2025-12-08 09:28:03'),(22,'usuario',1,'actualizar_estatus','rp_empresa_doc',1,'::1','2025-12-08 09:29:20'),(23,'usuario',1,'subir','rp_empresa_doc',3,'::1','2025-12-08 09:39:02'),(24,'usuario',1,'aprobar','rp_empresa_doc',3,'::1','2025-12-08 09:39:46'),(25,'usuario',1,'actualizar','rp_empresa',21,'::1','2025-12-08 09:40:21'),(26,'usuario',1,'actualizar','rp_empresa',21,'::1','2025-12-08 09:40:43'),(27,'usuario',1,'actualizar','rp_empresa',21,'::1','2025-12-08 09:44:39'),(28,'usuario',1,'actualizar_machote_html','rp_convenio_machote',1,'::1','2025-12-09 19:14:43'),(29,'usuario',1,'actualizar_machote_html','rp_convenio_machote',1,'::1','2025-12-09 19:15:27'),(30,'usuario',1,'actualizar_machote_html','rp_convenio_machote',1,'::1','2025-12-09 19:20:33'),(31,'empresa',1,'confirmar','rp_convenio_machote',1,'::1','2025-12-09 19:21:40'),(32,'sistema',NULL,'aprobar','rp_convenio',1,'::1','2025-12-09 19:23:25'),(33,'usuario',1,'actualizar','rp_empresa',1,'::1','2025-12-09 19:24:11'),(34,'empresa',1,'subir_documento_portal','rp_empresa_doc',4,'::1','2025-12-09 19:26:25'),(35,'usuario',1,'aprobar','rp_empresa_doc',4,'::1','2025-12-09 19:27:59'),(36,'usuario',1,'crear_estudiante','rp_estudiante',1,'::1','2025-12-09 19:31:44');
/*!40000 ALTER TABLE `auditoria` ENABLE KEYS */;
UNLOCK TABLES;

--
-- Table structure for table `auditoria_detalle`
--

DROP TABLE IF EXISTS `auditoria_detalle`;
/*!40101 SET @saved_cs_client     = @@character_set_client */;
/*!50503 SET character_set_client = utf8mb4 */;
CREATE TABLE `auditoria_detalle` (
  `id` bigint unsigned NOT NULL AUTO_INCREMENT,
  `auditoria_id` bigint NOT NULL,
  `campo` varchar(100) COLLATE utf8mb4_general_ci NOT NULL,
  `campo_label` varchar(150) COLLATE utf8mb4_general_ci NOT NULL,
  `valor_anterior` text COLLATE utf8mb4_general_ci,
  `valor_nuevo` text COLLATE utf8mb4_general_ci,
  `creado_en` timestamp NOT NULL DEFAULT CURRENT_TIMESTAMP,
  PRIMARY KEY (`id`),
  KEY `idx_auditoria_detalle_auditoria` (`auditoria_id`),
  CONSTRAINT `fk_auditoria_detalle_auditoria` FOREIGN KEY (`auditoria_id`) REFERENCES `auditoria` (`id`) ON DELETE CASCADE
) ENGINE=InnoDB AUTO_INCREMENT=58 DEFAULT CHARSET=utf8mb4 COLLATE=utf8mb4_general_ci;
/*!40101 SET character_set_client = @saved_cs_client */;

--
-- Dumping data for table `auditoria_detalle`
--

LOCK TABLES `auditoria_detalle` WRITE;
/*!40000 ALTER TABLE `auditoria_detalle` DISABLE KEYS */;
INSERT INTO `auditoria_detalle` VALUES (1,2,'machote_id','Machote generado','—','Tecnologías Avanzadas de México S.A. de C.V. — v1.0 (ID #1)','2025-12-08 07:58:47'),(2,2,'machote_padre_id','Plantilla institucional','—','Plantilla \"V1\" (ID #1)','2025-12-08 07:58:47'),(3,4,'machote_id','Machote generado','—','Grupo Agroindustrial Los Altos S.A. — v1.0 (ID #2)','2025-12-08 09:06:37'),(4,4,'machote_padre_id','Plantilla institucional','—','Plantilla \"V1\" (ID #1)','2025-12-08 09:06:37'),(5,5,'contenido_html','Contenido del machote','—','SE AGREGÓ: \" \"','2025-12-08 09:06:43'),(6,6,'firmado_path','Archivo firmado',NULL,'convenio_20251208_095238_5ec171e5796f1470.pdf','2025-12-08 09:52:38'),(7,7,'machote_id','Machote generado','—','Grupo Agroindustrial Los Altos S.A. — v1.0 (ID #3)','2025-12-08 13:44:35'),(8,7,'machote_padre_id','Plantilla institucional','—','Plantilla \"V2\" (ID #2)','2025-12-08 13:44:35'),(9,8,'nombre','Nombre',NULL,'HECTOR SYSTEMS','2025-12-08 13:45:46'),(10,8,'rfc','RFC',NULL,'RFC002121433D3','2025-12-08 13:45:46'),(11,8,'representante','Representante',NULL,'Manuel Ochoa','2025-12-08 13:45:46'),(12,8,'estatus','Estatus inicial',NULL,'En revisión','2025-12-08 13:45:46'),(13,10,'machote_id','Machote generado','—','HECTOR SYSTEMS — v1.0 (ID #4)','2025-12-08 13:46:18'),(14,10,'machote_padre_id','Plantilla institucional','—','Plantilla \"V2\" (ID #2)','2025-12-08 13:46:18'),(15,11,'contenido_html','Contenido del machote','—','SE AGREGÓ: \" \"','2025-12-08 13:46:24'),(16,12,'contenido_html','Contenido del machote','NOMBRE DE LA EMPRESA”). que sea a fin a su perfil profesional y programa académico que cursan y asignar actividades par…','{{EMPRESA_NOMBRE}}”). que sea a fin a su perfil profesional y programa académico que cursan y asignar actividades para …','2025-12-08 13:49:04'),(17,13,'representante','Representante legal','Manuel Ochoa','MAnuel Manuel','2025-12-08 13:54:49'),(18,14,'empresa_id','Empresa',NULL,'HECTOR SYSTEMS - EMP1991','2025-12-08 14:03:41'),(19,14,'token','Token',NULL,'abc6e9d0-377b-404e-8b83-326d5c42b301','2025-12-08 14:03:41'),(20,14,'nip','NIP',NULL,'1111','2025-12-08 14:03:41'),(21,14,'activo','Estatus',NULL,'Activo','2025-12-08 14:03:41'),(22,14,'expiracion','Expiracion',NULL,'Sin expiracion','2025-12-08 14:03:41'),(23,15,'nombre','Nombre','HECTOR SYSTEMS','HECTOR SYSTEMAS INC','2025-12-08 14:37:15'),(24,16,'confirmacion_empresa','Confirmacion de empresa','No confirmado','Confirmado','2025-12-08 15:13:24'),(25,16,'estatus','Estatus del machote','En revisión','Aprobado','2025-12-08 15:13:24'),(26,17,'representante','Representante legal','MAnuel Manuel','MAnuel Migares','2025-12-08 15:14:02'),(27,18,'firmado_path','Archivo firmado',NULL,'convenio_20251208_151642_811c4372e829a6c2.pdf','2025-12-08 15:16:42'),(28,19,'estatus','Estatus','En revisión','Activa','2025-12-08 15:16:47'),(29,20,'tipo_documento','Tipo de documento',NULL,'Comprobante de domicilio vigente','2025-12-08 15:17:47'),(30,20,'estatus','Estatus',NULL,'pendiente','2025-12-08 15:17:47'),(31,20,'archivo','Archivo',NULL,'doc_21_13_20251208_151747_96577ce0.png','2025-12-08 15:17:47'),(32,21,'tipo_documento','Tipo de documento',NULL,'Constancia del SAT','2025-12-08 15:28:03'),(33,21,'estatus','Estatus',NULL,'pendiente','2025-12-08 15:28:03'),(34,21,'archivo','Archivo',NULL,'doc_21_12_20251208_152803_23265663.png','2025-12-08 15:28:03'),(35,23,'tipo_documento','Tipo de documento',NULL,'Comprobante de domicilio vigente','2025-12-08 15:39:02'),(36,23,'estatus','Estatus',NULL,'pendiente','2025-12-08 15:39:02'),(37,23,'archivo','Archivo',NULL,'doc_21_13_20251208_153902_fe9f7e77.png','2025-12-08 15:39:02'),(38,24,'estatus','Estatus','pendiente','aprobado','2025-12-08 15:39:46'),(39,25,'estatus','Estatus','En revisión','Activa','2025-12-08 15:40:21'),(40,26,'estatus','Estatus','Activa','En revisión','2025-12-08 15:40:43'),(41,27,'estatus','Estatus','En revisión','Activa','2025-12-08 15:44:39'),(42,28,'contenido_html','Contenido del machote','—','SE AGREGÓ: \"EMPRESA TECHNOLOGICA \"','2025-12-10 01:14:43'),(43,29,'contenido_html','Contenido del machote','NOMBRE DE LA EMPRESA','Tecnologías Avanzadas de México S.A. de C.V','2025-12-10 01:15:27'),(44,30,'contenido_html','Contenido del machote','23 de agosto del 201','9 de Diciembre del 202','2025-12-10 01:20:33'),(45,31,'confirmacion_empresa','Confirmacion de empresa','No confirmado','Confirmado','2025-12-10 01:21:40'),(46,31,'estatus','Estatus del machote','En revisión','Aprobado','2025-12-10 01:21:40'),(47,32,'estatus','Estatus','En revisión','Activa','2025-12-10 01:23:25'),(48,33,'estatus','Estatus','En revisión','Activa','2025-12-10 01:24:11'),(49,34,'tipo_documento','Tipo de documento',NULL,'Acta constitutiva','2025-12-10 01:26:25'),(50,34,'estatus','Estatus',NULL,'revision','2025-12-10 01:26:25'),(51,34,'archivo','Archivo',NULL,'empresa_1_global_16_20251210_012625_b038e862a9.png','2025-12-10 01:26:25'),(52,34,'observacion','Observacion',NULL,'Acta constituiva','2025-12-10 01:26:25'),(53,35,'estatus','Estatus','revision','aprobado','2025-12-10 01:27:59'),(54,36,'nombre','Nombre del estudiante',NULL,'Marten Perex Lopezz','2025-12-10 01:31:44'),(55,36,'matricula','Matricula',NULL,'20232323','2025-12-10 01:31:44'),(56,36,'empresa_id','Empresa vinculada',NULL,'1','2025-12-10 01:31:44'),(57,36,'convenio_id','Convenio',NULL,'1','2025-12-10 01:31:44');
/*!40000 ALTER TABLE `auditoria_detalle` ENABLE KEYS */;
UNLOCK TABLES;

--
-- Table structure for table `rp_asignacion`
--

DROP TABLE IF EXISTS `rp_asignacion`;
/*!40101 SET @saved_cs_client     = @@character_set_client */;
/*!50503 SET character_set_client = utf8mb4 */;
CREATE TABLE `rp_asignacion` (
  `id` int NOT NULL AUTO_INCREMENT,
  `empresa_id` bigint NOT NULL,
  `estudiante_id` bigint NOT NULL,
  `periodo_id` bigint NOT NULL,
  `proyecto` varchar(255) COLLATE utf8mb4_general_ci NOT NULL,
  `estatus` enum('en_curso','concluido','cancelado','Archivado') COLLATE utf8mb4_general_ci DEFAULT 'en_curso',
  `fecha_inicio` date DEFAULT NULL,
  `fecha_fin` date DEFAULT NULL,
  `fecha_registro` timestamp NOT NULL DEFAULT CURRENT_TIMESTAMP,
  PRIMARY KEY (`id`),
  KEY `fk_rp_asig_empresa` (`empresa_id`),
  KEY `fk_rp_asig_estudiante` (`estudiante_id`),
  KEY `fk_rp_asig_periodo` (`periodo_id`),
  CONSTRAINT `fk_rp_asig_empresa` FOREIGN KEY (`empresa_id`) REFERENCES `rp_empresa` (`id`) ON DELETE CASCADE ON UPDATE CASCADE,
  CONSTRAINT `fk_rp_asig_estudiante` FOREIGN KEY (`estudiante_id`) REFERENCES `ss_estudiante` (`id`) ON DELETE CASCADE ON UPDATE CASCADE,
  CONSTRAINT `fk_rp_asig_periodo` FOREIGN KEY (`periodo_id`) REFERENCES `ss_periodo` (`id`) ON UPDATE CASCADE
) ENGINE=InnoDB DEFAULT CHARSET=utf8mb4 COLLATE=utf8mb4_general_ci;
/*!40101 SET character_set_client = @saved_cs_client */;

--
-- Dumping data for table `rp_asignacion`
--

LOCK TABLES `rp_asignacion` WRITE;
/*!40000 ALTER TABLE `rp_asignacion` DISABLE KEYS */;
/*!40000 ALTER TABLE `rp_asignacion` ENABLE KEYS */;
UNLOCK TABLES;

--
-- Table structure for table `rp_convenio`
--

DROP TABLE IF EXISTS `rp_convenio`;
/*!40101 SET @saved_cs_client     = @@character_set_client */;
/*!50503 SET character_set_client = utf8mb4 */;
CREATE TABLE `rp_convenio` (
  `id` bigint NOT NULL AUTO_INCREMENT,
  `empresa_id` bigint NOT NULL,
  `renovado_de` bigint DEFAULT NULL,
  `tipo_convenio` varchar(100) COLLATE utf8mb4_general_ci DEFAULT NULL,
  `estatus` enum('Activa','En revisión','Inactiva','Suspendida','Completado','Archivado') COLLATE utf8mb4_general_ci NOT NULL DEFAULT 'En revisión',
  `observaciones` text COLLATE utf8mb4_general_ci,
  `fecha_inicio` date DEFAULT NULL,
  `fecha_fin` date DEFAULT NULL,
  `responsable_academico` varchar(150) COLLATE utf8mb4_general_ci DEFAULT NULL,
  `creado_en` datetime NOT NULL DEFAULT CURRENT_TIMESTAMP,
  `folio` varchar(32) COLLATE utf8mb4_general_ci DEFAULT NULL,
  `borrador_path` varchar(255) COLLATE utf8mb4_general_ci DEFAULT NULL,
  `firmado_path` varchar(255) COLLATE utf8mb4_general_ci DEFAULT NULL,
  `actualizado_en` datetime DEFAULT CURRENT_TIMESTAMP ON UPDATE CURRENT_TIMESTAMP,
  `machote_id` bigint DEFAULT NULL,
  PRIMARY KEY (`id`),
  KEY `idx_convenio_empresa` (`empresa_id`,`estatus`),
  KEY `fk_convenio_renovado` (`renovado_de`),
  KEY `fk_convenio_machote` (`machote_id`),
  CONSTRAINT `fk_convenio_empresa` FOREIGN KEY (`empresa_id`) REFERENCES `rp_empresa` (`id`),
  CONSTRAINT `fk_convenio_machote` FOREIGN KEY (`machote_id`) REFERENCES `rp_convenio_machote` (`id`) ON DELETE SET NULL,
  CONSTRAINT `fk_convenio_renovado` FOREIGN KEY (`renovado_de`) REFERENCES `rp_convenio` (`id`) ON DELETE SET NULL
) ENGINE=InnoDB AUTO_INCREMENT=4 DEFAULT CHARSET=utf8mb4 COLLATE=utf8mb4_general_ci;
/*!40101 SET character_set_client = @saved_cs_client */;

--
-- Dumping data for table `rp_convenio`
--

LOCK TABLES `rp_convenio` WRITE;
/*!40000 ALTER TABLE `rp_convenio` DISABLE KEYS */;
INSERT INTO `rp_convenio` VALUES (1,1,NULL,'Convenio Tecnologias','Activa','Convenio Technologias avanzadas','2025-12-08','2025-12-26','Theresa Smith','2025-12-08 01:58:06','CONV-2025-001',NULL,'uploads/convenios/convenio_20251208_095238_5ec171e5796f1470.pdf','2025-12-09 19:23:25',1),(2,2,NULL,'Grupo Agroindustrial','En revisión',NULL,'2025-12-08','2025-12-26','Theresa Smith','2025-12-08 03:04:32','CONV-2025-002',NULL,NULL,'2025-12-08 07:44:35',3),(3,21,NULL,'Segundo convenio','Archivado',NULL,'2025-12-08','2025-12-26','Theresa Smith','2025-12-08 07:46:15','Foliotest04',NULL,'uploads/convenios/convenio_20251208_151642_811c4372e829a6c2.pdf','2025-12-08 09:49:36',4);
/*!40000 ALTER TABLE `rp_convenio` ENABLE KEYS */;
UNLOCK TABLES;

--
-- Table structure for table `rp_convenio_archivado`
--

DROP TABLE IF EXISTS `rp_convenio_archivado`;
/*!40101 SET @saved_cs_client     = @@character_set_client */;
/*!50503 SET character_set_client = utf8mb4 */;
CREATE TABLE `rp_convenio_archivado` (
  `id` int NOT NULL AUTO_INCREMENT,
  `empresa_id` int NOT NULL,
  `convenio_id_original` int NOT NULL,
  `fecha_archivo` datetime NOT NULL,
  `snapshot` longtext NOT NULL,
  `motivo` text,
  PRIMARY KEY (`id`)
) ENGINE=MyISAM AUTO_INCREMENT=2 DEFAULT CHARSET=latin1;
/*!40101 SET character_set_client = @saved_cs_client */;

--
-- Dumping data for table `rp_convenio_archivado`
--

LOCK TABLES `rp_convenio_archivado` WRITE;
/*!40000 ALTER TABLE `rp_convenio_archivado` DISABLE KEYS */;
INSERT INTO `rp_convenio_archivado` VALUES (1,21,3,'2025-12-08 09:49:36','{\"convenio\":[{\"id\":3,\"empresa_id\":21,\"renovado_de\":null,\"tipo_convenio\":\"Segundo convenio\",\"estatus\":\"Activa\",\"observaciones\":null,\"fecha_inicio\":\"2025-12-08\",\"fecha_fin\":\"2025-12-26\",\"responsable_academico\":\"Theresa Smith\",\"creado_en\":\"2025-12-08 07:46:15\",\"folio\":\"Foliotest04\",\"borrador_path\":null,\"firmado_path\":\"uploads\\/convenios\\/convenio_20251208_151642_811c4372e829a6c2.pdf\",\"actualizado_en\":\"2025-12-08 09:16:47\",\"machote_id\":4}],\"machote\":[{\"id\":4,\"convenio_id\":3,\"machote_padre_id\":2,\"contenido_html\":\"<p>&nbsp;<\\/p><p>&nbsp;<\\/p><p>&nbsp;<\\/p><p>CONVENIO&nbsp; DE COLABORACIÓN Y VINCULACIÓN QUE CELEBRAN POR UNA PARTE <strong>EL INSTITUTO TECNOLÓGICO JOSÉ MARIO MOLINA PASQUEL Y HENRÍQUEZ<\\/strong> REPRESENTADO EN ESTE ACTO POR <strong>(MTRO. EDUARDO DANIEL MIRAMONTES GARCIA)<\\/strong>, EN SU CARÁCTER DE <strong>(DIRECTOR DE LA UNIDAD ACDÉMICA TEQUILA)<\\/strong>, QUE EN LO SUCESIVO SE DENOMINARÁ COMO EL <strong>“TSJ”<\\/strong>, Y, POR OTRA PARTE, <strong>(HECTOR SYSTEMAS INC)<\\/strong>, REPRESENTADO EN ESTE ACTO POR <strong>(MAnuel Manuel)<\\/strong>, EN SU CARÁCTER DE <strong>(REPRESENTANTE LEGAL DE LA EMPRESA)<\\/strong>, A QUIÉN EN LO SUCESIVO SE LE DENOMINARÁ &nbsp;<strong>(HECTOR SYSTEMAS INC)<\\/strong>, A LOS COMPARECIENTES EN CONJUNTO SE LES DENOMINARÁ COMO <strong>“LAS PARTES”<\\/strong> QUIENES EN ESTE ACTO FORMALIZAN EL PRESENTE CONVENIO Y LO SUJETAN AL TENOR DE LAS SIGUIENTES DECLARACIONES Y CLÁUSULAS:<\\/p><p><strong>&nbsp;<\\/strong><\\/p><p><strong>DECLARACIONES<\\/strong><\\/p><p><strong>&nbsp;<\\/strong><\\/p><p><strong>DECLARACIONES<\\/strong><\\/p><p><strong>&nbsp;I.&nbsp;&nbsp;&nbsp; Declara el “TSJ” por conducto de su representante legal que:<\\/strong><\\/p><p>I.1 Que es un organismo público descentralizado del Gobierno del Estado con personalidad jurídica y patrimonio propio, creado mediante decreto legislativo<strong> 25535\\/LX\\/15, del Congreso del Estado de Jalisco <\\/strong>publicado en el periódico oficial El Estado de Jalisco con fecha de <strong>23 de agosto del 2016<\\/strong>, cuya finalidad es la de prestar el servicio de educación superior tecnológica en el Estado de Jalisco.<\\/p><p>I.2 Que tiene como objeto:<\\/p><p>a.&nbsp;&nbsp; Formar profesionales de nivel superior que requiere el desarrollo del Estado de Jalisco y del país;<\\/p><p>b.&nbsp;&nbsp; Realizar labores de investigación científica y tecnológica;<\\/p><p>c.&nbsp;&nbsp; Extender los beneficios de la ciencia y de la tecnología hacia la sociedad;<\\/p><p>d.&nbsp;&nbsp; Promover entre los miembros de su comunidad académica una formación armónica y equilibrada;<\\/p><p>e.&nbsp;&nbsp; Participar en el proceso de creación, conservación, renovación y transmisión de la cultura de la ciencia, la tecnología y la innovación;<\\/p><p>f.&nbsp;&nbsp;&nbsp;&nbsp; Impulsar las capacidades especializadas que requieren las cadenas productivas del ecosistema tecnológico; y<\\/p><p>g.&nbsp;&nbsp; Los demás que señalen las leyes y reglamentos aplicables.<\\/p><p><strong>&nbsp;<\\/strong><\\/p><p>I.3 Que como parte de su estructura y organización cuenta con las siguientes Unidades Académicas: Arandas, Chapala, Cocula, El Grullo, La Huerta, Lagos de Moreno, Mascota, Puerto Vallarta, San Juan de los Lagos, Tala, Tamazula, Tepatitlán de Morelos, Tequila, Tomatlán, Zapopan y Zapotlanejo, quienes son Unidades Académicas distribuidas en el territorio del Estado de Jalisco, a través de las cuales el Instituto realiza sus actividades y cumple con su objeto y fines.<\\/p><p>&nbsp;<\\/p><p>I.4 Mediante acuerdo de fecha 01 de mayo del 2025, el C. Gobernador Constitucional del Estado de Jalisco, Lic. Jesús Pablo Lemus Navarro, designó como Titular de la Dirección General del “INSTITUTO TECNOLÓGICO JOSÉ MARIO MOLINA PASQUEL Y HENRIQUEZ” a la C. Gloria Luz Rodríguez Gil.<\\/p><p>&nbsp;<\\/p><p>I.5 Que de conformidad por los artículos 21, 23 fracción II inciso a) de la Ley de Entidades Paraestatales del Estado de Jalisco; 23, 24 y 26 fracción X de la Ley Orgánica del In<\\/p><p>&nbsp;<\\/p><p>El \\\"<strong>TSJ<\\/strong>\\\" comparece por conducto el Director de la Unidad Académica de (Tequila) el <strong>C. (Eduardo Daniel Miramontes García)<\\/strong>, facultado por la Titular de la Dirección General del Instituto, mediante acuerdo ACU\\/TSJ\\/003\\/2025 de fecha 02 de mayo del 2025, para poder suscribir el presente instrumento.<\\/p><p>&nbsp;<\\/p><p>I.6 Que para efectos del presente convenio señala como domicilio para todos los efectos legales el ubicado en la calle Dr. Joel Magallanes Rubio número 501 en la colonia lomas del paraíso, en el municipio de Tequila, Jalisco, Código. Postal. 46400<\\/p><p>&nbsp;<\\/p><p><strong>II.&nbsp;&nbsp;&nbsp;&nbsp;&nbsp;&nbsp;&nbsp; Declara (NOMBRE COMPLETO DE LA EMPRESA) por conducto de su representante, que: MAnuel Manuel<\\/strong><\\/p><p><strong>&nbsp;<\\/strong><\\/p><p>II.1.<strong> <\\/strong>II.1<strong> <\\/strong>Es un (empresa, dependencia, entidad, etc.) (fecha de creación) (documento que lo acredita, acta constitutive)<\\/p><p>&nbsp;<\\/p><p>II.2 La sociedad tiene por objeto: todo lo referente de acuerdo a su objeto social<\\/p><p>&nbsp;<\\/p><p>II.3 (MAnuel Manuel y SONY) (documentos que acredite su personalidad) (Sustento legal que le dé atribución de suscribir el convenio)<\\/p><p>&nbsp;<\\/p><p>&nbsp;<\\/p><p>II.4 Que para efectos del presente convenio señala como domicilio para todos los efectos legales el ubicado en CalleTest3, municipio de testtequila, TESTestado, C.P. 40209.<\\/p><p>&nbsp;<\\/p><p><strong>III.&nbsp;&nbsp;&nbsp;&nbsp;&nbsp;&nbsp;&nbsp; Declaran “LAS PARTES”:<\\/strong><\\/p><p><strong>&nbsp;<\\/strong><\\/p><p>III.1 Que la prestación del Servicio Social, Residencias Profesionales y Educación Dual a que se refiere el presente convenio, es el objeto principal del presente documento, así como de otorgar a <strong>“EL ALUMNADO”<\\/strong> de nivel superior, la oportunidad de cumplir con este requisito, dentro del esquema que permita sentar bases su óptimo desarrollo profesional.<\\/p><p>&nbsp;<\\/p><p>III.2 Que se reconocen recíprocamente la personalidad y capacidad legal con la que comparecen a celebrar el presente convenio y manifiestan estar conforme con lo declarado por cada una de ellas en los capítulos respectivos.<\\/p><p>&nbsp;<\\/p><p>III.3 Estar comprometidos a colaborar juntos para desarrollar las mejoras que requiere el estado y el país.<\\/p><p>&nbsp;<\\/p><p>III.4 Que para el otorgamiento y suscripción del presente instrumento no existe dolo, error, mala fe o cualquier otro vicio de la voluntad que lo pudiera invalidar, por lo que tienen interés en establecer los términos y condiciones que se indican en las siguientes:<\\/p><p>&nbsp;<\\/p><p><strong>CLÁUSULAS<\\/strong><\\/p><p><strong>&nbsp;<\\/strong><\\/p><p><strong>&nbsp;<\\/strong><\\/p><p><strong>PRIMERA. DEL OBJETO.<\\/strong><\\/p><p>El presente convenio tiene por objeto establecer las bases para la coordinación y colaboración entre <strong>“LAS PARTES”<\\/strong> para prestar servicio social, residencias profesionales, desarrollar y reforzar competencias profesionales específicas en un ambiente académico-laboral, en lo sucesivo <strong>“LOS PROGRAMAS Y PROYECTOS”<\\/strong> que contribuyan al mejor logro de los propósitos que cada una persigue, así como desarrollar las habilidades de las personas que cursen educación superior en lo sucesivo <strong>“EL ALUMNADO”<\\/strong> de <strong>(LA UNIDAD ACADEMICA DE TEQUILA)<\\/strong> permita facilitar su incorporación a los sectores, social, productivo y laboral.<\\/p><p>&nbsp;<\\/p><p>El desarrollo de <strong>“LOS PROGRAMAS Y PROYECTOS”<\\/strong> debe ser en primera instancia en beneficio de <strong>“EL ALUMNADO” <\\/strong>y en segunda instancia en beneficio de <strong>“LAS PARTES”, <\\/strong>para lo cual <strong>“EL ALUMNADO” <\\/strong>realizará los reportes pertinentes de las actividades desarrolladas de acuerdo a los objetivos del <strong>“TSJ” <\\/strong>y de <strong>(\\\"HECTOR SYSTEMAS INC”)<\\/strong>.<strong> <\\/strong>firmados por su asesor.<\\/p><p><strong>&nbsp;<\\/strong><\\/p><p><strong>SEGUNDA. DE LOS PROGRAMAS Y PROYECTOS. <\\/strong>Se entenderá para el presente instrumento como los programas y proyectos las acciones siguientes:<\\/p><p>&nbsp;<\\/p><p><strong>&nbsp;&nbsp;&nbsp;&nbsp;&nbsp; I.&nbsp;&nbsp;&nbsp;&nbsp;&nbsp;&nbsp;&nbsp;&nbsp; Prestación de Servicio Social:<\\/strong> Colaborar <strong>“LAS PARTES”<\\/strong> con “<strong>EL ALUMNADO”, <\\/strong>para realizar la actividad formativa y temporal obligatoria para que estos complementen su formación profesional de los conocimientos adquiridos en el programa académico que cursan y asignar actividades para que las puedan llevar a cabo en las instalaciones de <strong>(\\\"HECTOR SYSTEMAS INC”)<\\/strong>., así como cumplir requisitos en los términos de la normatividad vigente.<\\/p><p><strong>&nbsp;&nbsp;&nbsp;&nbsp; II.&nbsp;&nbsp;&nbsp;&nbsp;&nbsp;&nbsp;&nbsp;&nbsp; Residencia Profesional: <\\/strong>Colaborar <strong>“LAS PARTES”<\\/strong> con “<strong>EL ALUMNADO”, <\\/strong>para realizar el desarrollo de proyectos productivos para <strong>(\\\"HECTOR SYSTEMAS INC”)<\\/strong>. que sea a fin a su perfil profesional y programa académico que cursan y asignar actividades para las puedan llevar a cabo en las instalaciones de <strong>(HECTOR SYSTEMAS INC)<\\/strong>. para desarrollar habilidades y capacidades, así como cumplir requisitos en los términos de la normatividad vigente.<\\/p><p><strong>&nbsp;&nbsp; III.&nbsp;&nbsp;&nbsp;&nbsp;&nbsp;&nbsp;&nbsp;&nbsp; Modalidad Educación Dual: <\\/strong>Colaborar <strong>“LAS PARTES”<\\/strong> en sus respectivos ámbitos de competencia con “<strong>EL ALUMNADO”, <\\/strong>para construir, desarrollar, reforzar la teoría y la práctica de sus habilidades profesionales con un ambiente académico-laboral en <strong>(HECTOR SYSTEMAS INC)<\\/strong>.<\\/p><p><strong>&nbsp;<\\/strong><\\/p><p><strong>TERCERA. DE LOS COMPROMISOS. <\\/strong>Para la realización del objeto del presente instrumento,<strong> “LAS PARTES” <\\/strong>se comprometen a:<\\/p><p><strong>&nbsp;<\\/strong><\\/p><p>a)&nbsp;&nbsp;&nbsp; Permitir al personal el acceso a sus instalaciones, y facilitar el uso de equipos, instrumentos y fuentes de información de acuerdo a su disponibilidad y condiciones de la operación para cumplir con el objeto del presente convenio.<\\/p><p>&nbsp;<\\/p><p>b)&nbsp;&nbsp;&nbsp; Coordinar la colaboración necesaria para el desarrollo de las acciones derivadas del presente convenio.<\\/p><p>&nbsp;<\\/p><p>c)&nbsp;&nbsp;&nbsp;&nbsp; Desarrollar <strong>“LOS PROGRAMAS Y PROYECTOS”<\\/strong> encaminados a la innovación y desarrollo tecnológico de manera conjunta para contribuir a la solución de problemas regionales, y proporcionar servicios tecnológicos y\\/o trabajos técnicos especializados de acuerdo a las necesidades y requerimientos de la región.<\\/p><p>&nbsp;<\\/p><p>d)&nbsp;&nbsp;&nbsp; En medida de sus posibilidades se podrán donar equipo para la realización de prácticas escolares, uso en oficinas o cualquier índole que sea en beneficio de la institución.<\\/p><p>&nbsp;<\\/p><p><strong>CUARTA. <\\/strong>Para efectos del presente instrumento, <strong>“LAS PARTES”<\\/strong> se obligan a:<\\/p><p>&nbsp;<\\/p><p><strong>&nbsp;&nbsp;&nbsp;&nbsp;&nbsp; I.&nbsp;&nbsp;&nbsp;&nbsp;&nbsp;&nbsp;&nbsp;&nbsp; POR PARTE DE<\\/strong> <strong>(\\\"HECTOR SYSTEMAS INC”)<\\/strong>.<\\/p><p>&nbsp;<\\/p><p><strong>a)&nbsp;&nbsp;&nbsp; <\\/strong>Dar de conocimiento a <strong>“EL ALUMNADO”<\\/strong> la normatividad de <strong>(\\\"HECTOR SYSTEMAS INC”)<\\/strong>.<\\/p><p><strong>b)&nbsp;&nbsp;&nbsp; <\\/strong>Garantizar trato digno de “<strong>EL ALUMNADO”.<\\/strong><\\/p><p><strong>c)&nbsp;&nbsp;&nbsp; <\\/strong>Asignar áreas específicas, equipo e infraestructura, para el desarrollo de las actividades de <strong>“LOS PROGRAMAS Y PROYECTOS”<\\/strong>.<\\/p><p><strong>d)&nbsp;&nbsp;&nbsp; <\\/strong>Apoyar las actividades de enseñanza- aprendizaje de <strong>“EL ALUMNADO” <\\/strong>de acuerdo al programa educativo del <strong>“TSJ”<\\/strong> y al programa operativo de <strong>(\\\"HECTOR SYSTEMAS INC”)<\\/strong>.<\\/p><p><strong>e)&nbsp;&nbsp;&nbsp; <\\/strong>Ofertar el número de plazas para <strong>“LOS PROGRAMAS Y PROYECTOS”<\\/strong> de acuerdo al cupo de <strong>“EL ALUMNADO”<\\/strong> y la afluencia de actividades de planeación, operación y supervisión de <strong>(HECTOR SYSTEMAS INC)<\\/strong>.<\\/p><p><strong>f)&nbsp;&nbsp;&nbsp;&nbsp;&nbsp; <\\/strong>Proporcionar carta de aceptación a <strong>“EL ALUMNADO”<\\/strong> del <strong>“TSJ”<\\/strong> que realice trámites para realizar <strong>“LOS PROGRAMAS Y PROYECTOS”<\\/strong>.<\\/p><p><strong>g)&nbsp;&nbsp;&nbsp; <\\/strong>Aceptar que el personal docente específico asignado, supervise <strong>“LOS PROGRAMAS Y PROYECTOS”<\\/strong> de <strong>“EL ALUMNADO”.<\\/strong><\\/p><p><strong>h)&nbsp;&nbsp;&nbsp; <\\/strong>Supervisar, evaluar y firmar los reportes que presenten <strong>“EL ALUMNADO” <\\/strong>respecto de las actividades realizadas para desarrollo de <strong>“LOS PROGRAMAS Y PROYECTOS” <\\/strong>cuando se requiera.<\\/p><p><strong>i)&nbsp;&nbsp;&nbsp;&nbsp;&nbsp; <\\/strong>Presentar semestralmente por escrito al <strong>“TSJ”<\\/strong> un informe sobre el desarrollo de <strong>“LOS PROGRAMAS Y PROYECTOS” <\\/strong>de <strong>“EL ALUMNADO” <\\/strong>cuando se requiera.<\\/p><p><strong>j)&nbsp;&nbsp;&nbsp;&nbsp;&nbsp; <\\/strong>Dictar las disposiciones correspondientes para brindar las facilidades administrativas necesarias para alcanzar los objetivos descritos con anterioridad.<\\/p><p><strong>k)&nbsp;&nbsp;&nbsp; <\\/strong>Garantizar a <strong>“EL ALUMNADO”<\\/strong> la seguridad dentro de sus instalaciones y en caso de ser necesario proporcionar un seguro de gastos médicos cuando los riesgos, sean mayores a las labores propias del trabajo de <strong>“LOS PROGRAMAS Y PROYECTOS” <\\/strong>encomendadas por el <strong>(HECTOR SYSTEMAS INC)<\\/strong>.<\\/p><p><strong>l)&nbsp;&nbsp;&nbsp;&nbsp;&nbsp; <\\/strong>Garantizar confidencialidad a los proyectos desarrollados para el <strong>“TSJ”<\\/strong>.<\\/p><p><strong>m)&nbsp;&nbsp; <\\/strong>Respetar la normatividad del <strong>“TSJ”<\\/strong>.<\\/p><p>&nbsp;<\\/p><p><strong>&nbsp;&nbsp;&nbsp;&nbsp; II.&nbsp;&nbsp;&nbsp;&nbsp;&nbsp;&nbsp;&nbsp;&nbsp; POR PARTE DEL “TSJ”:<\\/strong><\\/p><p>&nbsp;<\\/p><p><strong>a)&nbsp;&nbsp;&nbsp; <\\/strong>Informar y acompañar a <strong>“EL ALUMNADO”<\\/strong> previo, durante y posterior al proceso para realizar <strong>“LOS PROGRAMAS Y PROYECTOS” <\\/strong>de conformidad con la normatividad aplicable.<\\/p><p><strong>b)&nbsp;&nbsp;&nbsp; <\\/strong>Proporcionar a <strong>“EL ALUMNADO”<\\/strong> el Seguro Facultativo por escrito, mismo que será presentado a <strong>(\\\"HECTOR SYSTEMAS INC”)<\\/strong>.<\\/p><p><strong>c)&nbsp;&nbsp;&nbsp; <\\/strong>Proporcionar a <strong>(\\\"HECTOR SYSTEMAS INC”)<\\/strong>.<strong> <\\/strong>la información que requiera para la operación de <strong>“LOS PROGRAMAS Y PROYECTOS”,<\\/strong> así como también facilitar el uso de equipamiento e infraestructura física.<\\/p><p><strong>d)&nbsp;&nbsp;&nbsp; <\\/strong>Aceptar la participación de <strong>(HECTOR SYSTEMAS INC)<\\/strong>.<strong> <\\/strong>en la formulación del plan de actividades de prácticas de campo y profesionales.<\\/p><p><strong>e)&nbsp;&nbsp;&nbsp; <\\/strong>Revisar y actualizar anualmente los planes de actividades académicas de las prácticas.<\\/p><p><strong>f)&nbsp;&nbsp;&nbsp;&nbsp;&nbsp; <\\/strong>Contratar por su cuenta al docente o docentes, responsables del campo práctico, eximiendo desde luego <strong>(\\\"HECTOR SYSTEMAS INC”)<\\/strong>.de cualquier responsabilidad laboral, fiscal y de seguridad social que al respecto pudiera existir en relación con <strong>“EL ALUMNADO” <\\/strong>y con el profesorado del campo práctico.<\\/p><p><strong>g)&nbsp;&nbsp;&nbsp; <\\/strong>Expedir la documentación necesaria a <strong>“EL ALUMNADO” <\\/strong>para llevar a cabo el desarrollo de <strong>“LOS PROGRAMAS Y PROYECTOS”.<\\/strong><\\/p><p><strong>h)&nbsp;&nbsp;&nbsp; <\\/strong>Supervisar y evaluar el rendimiento educativo de <strong>“EL ALUMNADO” <\\/strong>basándose en la instrumentación que <strong>“LAS PARTES”<\\/strong> determinen.<\\/p><p><strong>i)&nbsp;&nbsp;&nbsp;&nbsp;&nbsp; <\\/strong>Aceptar que <strong>“EL ALUMNADO”<\\/strong> que cometan alguna falta a la reglamentación interior de <strong>(\\\"HECTOR SYSTEMAS INC”)<\\/strong>. durante su permanencia en las instalaciones, se harán acreedores a la aplicación de medidas disciplinarías correspondientes, las cuales serán impuestas por la misma en coordinación con el <strong>“TSJ”<\\/strong>.<\\/p><p><strong>j)&nbsp;&nbsp;&nbsp;&nbsp;&nbsp; <\\/strong>Ofrecer confidencialidad a los proyectos desarrollados para <strong>(\\\"HECTOR SYSTEMAS INC”)<\\/strong>.<\\/p><p><strong>k)&nbsp;&nbsp;&nbsp; <\\/strong>Respetar la normatividad de <strong>(\\\"HECTOR SYSTEMAS INC”)<\\/strong>.<\\/p><p>&nbsp;<\\/p><p><strong>QUINTA.<\\/strong> <strong>ENCARGADOS DEL SEGUIMIENTO. “LAS PARTES”<\\/strong> convienen en designar para la realización cumplimiento, ejecución y consecución del objeto y compromisos acodados en el presente convenio a los siguientes encargados:<\\/p><p>&nbsp;<\\/p><p>&nbsp;&nbsp;&nbsp;&nbsp;&nbsp; I.&nbsp;&nbsp;&nbsp;&nbsp;&nbsp;&nbsp;&nbsp;&nbsp; Por <strong>(\\\"HECTOR SYSTEMAS INC”)<\\/strong> a la C. NOMBRE COMPLETO DE LA PERSONA QUE DARÁ SEGUIMIENTO A CONVENIO señalando como vía de comunicación el número de teléfono y cuenta de correo electrónico<\\/p><p>&nbsp;<\\/p><p>&nbsp;&nbsp;&nbsp;&nbsp; II.&nbsp;&nbsp;&nbsp;&nbsp;&nbsp;&nbsp;&nbsp;&nbsp; Por el <strong>“TSJ<\\/strong>” a la jefatura de Planeación y Vinculación señalando como vía de comunicación 3747427288 Extensión # 6021 correo electrónico institucional, diego.velez@tequila.tecmm.edu.mx<\\/p><p>&nbsp;<\\/p><p><strong>SEXTA. RELACIONES LABORALES. “LAS PARTES”<\\/strong> acuerdan que el personal asignado por cada una de ellas para la realización del presente convenio, así como <strong>“LOS PROGRAMAS Y PROYECTOS”<\\/strong> que de éste deriven se entenderá relacionado exclusivamente con aquella que lo empleó. Por ende, cada una de ellas asumirá su responsabilidad por este concepto y en ningún caso el cumplimiento del objeto del presente acuerdo implicará relación laboral, obligación o compromiso alguno en este orden, por lo que no podrán ser considerados como patrones solidarios o sustitutos, asimismo por ser un instrumento de buena fe, no existe remuneración entre <strong>“LAS PARTES”<\\/strong>.<\\/p><p><strong>&nbsp;<\\/strong><\\/p><p><strong>“LAS<\\/strong> <strong>PARTES”<\\/strong> se comprometen a no intervenir en asuntos laborales y\\/o sindicales, ni en aquellos que competan a la operación particular de cada parte y sus trabajadores.<\\/p><p><strong>&nbsp;<\\/strong><\\/p><p>Estas mismas disposiciones según corresponda serán aplicables a docentes o personal del instituto que efectúe <strong>“LOS PROGRAMAS Y PROYECTOS”.<\\/strong><\\/p><p><strong>&nbsp;<\\/strong><\\/p><p><strong>SÉPTIMA. RESPONSABILIDAD CIVIL. <\\/strong>Queda expresamente pactado que <strong>“LAS PARTES”<\\/strong> no tendrán responsabilidad civil por los daños y perjuicios que pudieran causarse como consecuencia de caso fortuito o fuerza mayor, particularmente por el paro de labores académicas o administrativas, en virtud de lo cual pudieran encontrarse impedidas para cumplir oportunamente con los compromisos derivados del objeto y alcances de este convenio.<\\/p><p>&nbsp;<\\/p><p>En caso de interrupción de actividades por esta causa, <strong>“LAS<\\/strong> <strong>PARTES”<\\/strong> se comprometen a reiniciar sus actividades inmediatamente después de que las causas de fuerza mayor hayan desaparecido en la forma y términos que las mismas determinen.<\\/p><p><strong>&nbsp;<\\/strong><\\/p><p><strong>OCTAVA. CONFIDENCIALIDAD Y RESERVA DE LA INFORMACIÓN <\\/strong>Toda la información, documentación o los datos que <strong>“LAS PARTES”<\\/strong> generen, se entreguen o divulguen por cualquier medio y con motivo del presente convenio, será considerada por <strong>“LAS PARTES”<\\/strong> como Información Pública, a excepción de&nbsp; aquella información o datos que contenga información confidencial, reservada, se haya clasificado o identificado por cualquiera de las partes al momento de la entrega, con la leyenda de “Información Confidencial”, está protegida por derechos de autor y\\/o propiedad intelectual ésta deberá de ser preservada en confidencialidad, y en consecuencia no podrá ser duplicada, reproducida, divulgada, enajenada o transferida a ningún tercero, sin previa autorización por escrito de la parte que haya entregado la información conforme a la Ley General de Transparencia y Acceso a la Información Pública, Ley General de Protección de Datos Personales en Posesión de Sujetos Obligados, así como sus símiles en el Estado de Jalisco además de cualquier otra normatividad en la materia, para con esto garantizar los derechos humanos de Acceso a la Información, Transparencia y Protección de Datos personales.<\\/p><p>&nbsp;<\\/p><p><strong>“LAS PARTES”<\\/strong> manifiestan tener conocimiento de que están sujetas a las disposiciones contenidas en la legislación en materia de acceso a la información pública, así como a la específica en protección de datos personales en posesión de sujetos obligados, y que cuentan con diversas obligaciones para el cumplimiento de dichas normatividades, entre las que destacan la publicación de convenios, contratos y demás instrumentos jurídicos que celebren.<\\/p><p>&nbsp;<\\/p><p>En este contexto, <strong>“LAS PARTES”<\\/strong> manifiestan su consentimiento expreso para que al presente convenio se le dé la publicidad que la legislación invocada disponga, en las formas que la misma determine. Así mismo <strong>(\\\"TEQUILA LOS ABUELOS SA DE CV”)<\\/strong> se obliga a entregar a el <strong>“TSJ”<\\/strong> la información o documentación que le sea solicitada con motivo de la ejecución del presente convenio.<\\/p><p>&nbsp;<\\/p><p>Cualquier información y\\/o documentación que <strong>“LAS PARTES”<\\/strong>, se transfieran, se proporcionen o revelen, incluyendo información de carácter técnica, estratégica, estadística, y\\/o comercial, no deberá usarse dicha información para cualquier otro propósito distinto que no sea para el cumplimiento de las obligaciones pactadas en el presente convenio, absteniéndose de divulgar dicha información por cualquier medio como lo son, en forma enunciativa más no limitativa, las publicaciones, conferencias, o bien proporcionarse a cualquier tercero sin el consentimiento previo y por escrito de <strong>“LAS PARTES”.<\\/strong><\\/p><p>&nbsp;<\\/p><p>Así mismo tanto <strong>(\\\"TEQUILA LOS ABUELOS SA DE CV”)<\\/strong>&nbsp; como su personal deberán mantener estricta confidencialidad sobre la información que llegasen a tener conocimiento ya sea porque fue proporcionada por el <strong>“TSJ”<\\/strong> o aquella que resulte de las funciones objeto de este convenio, asegurándose de no revelar a terceros ninguna información o datos respecto al objeto señalado en la <strong>CLÁUSULA<\\/strong> <strong>PRIMERA<\\/strong> del presente convenio so-pena de recibir las sanciones tanto económicas como legales correspondientes, salvo la información que le sea requerida por ser sujeto obligado a la legislación en materia de acceso a la información.<\\/p><p><strong>NOVENA.<\\/strong> <strong>DE LA PROPIEDAD PATRIMONIAL E INTELECTUAL.<\\/strong> Los derechos de propiedad intelectual que pudieran surgir con motivos de las actividades desarrolladas y derivadas del objeto del presente instrumento, (publicaciones de diversas categorías, artículos, folletos, entre otros; así como las coproducciones y su difusión), estarán sujetos a las disposiciones legales aplicables y a los convenios específicos de colaboración que sobre el particular suscriban <strong>“LAS PARTES”<\\/strong>, otorgando el reconocimiento correspondiente a quienes hayan intervenido en la ejecución de dichas actividades.<\\/p><p><strong>DÉCIMA. VIGENCIA. <\\/strong>Se establece que la vigencia del presente instrumento surtirá sus efectos a partir de la fecha de su última firma, su duración será hasta el término de la presente administración constitucional estatal y <strong>“LAS PARTES”<\\/strong> podrán de común acuerdo realizar convenios específicos y en todo tiempo modificar el contenido del convenio o darlo por terminado de manera anticipada sin necesidad de resolución judicial, toda vez que no se lleven a cabo los trabajos y objetivos en este convenio de colaboración, notificando mediante aviso por escrito a la otra parte con por lo menos treinta días de anticipación.<\\/p><p>No obstante, lo anterior, la terminación anticipada o de la vigencia del presente convenio, no afectara a <strong>“EL ALUMNADO”<\\/strong> que se encuentren llevando a cabo <strong>“LOS PROGRAMAS Y PROYECTOS”<\\/strong> en las instalaciones de <strong>(\\\"TEQUILA LOS ABUELOS SA DE CV”)<\\/strong>, por lo tanto, en ese supuesto, se cumplirán todas las obligaciones derivadas de este instrumento hasta que <strong>“EL ALUMNADO”<\\/strong> que se encuentren realizando su servicio social o residencias profesionales lo concluyan.<\\/p><p><strong>DÉCIMA PRIMERA. CESIÓN DE DERECHOS Y OBLIGACIONES. <\\/strong>Ninguna de <strong>“LAS PARTES”<\\/strong> podrá ceder o transferir los derechos y obligaciones derivadas del presente convenio.<\\/p><p><strong>DÉCIMA SEGUNDA.&nbsp; NO TRANSFERENCIA DE FONDOS.&nbsp; <\\/strong>Este convenio de colaboración y vinculación no obliga a ninguna de <strong>“LAS PARTES”<\\/strong> a proporcionar financiamiento de cualquier tipo a la otra, incluyendo apoyo de personal o para la recaudación de fondos. Cualquier transferencia de recursos entre <strong>“LAS PARTES”<\\/strong>, será objeto de un convenio independiente, con inclusión de cláusulas y otras condiciones según el procedimiento interno de cada parte y será debidamente firmado por las mismas.<\\/p><p><strong>DÉCIMA TERCERA. DE LA FORMA DE RESOLVER LAS CONTROVERSIAS.&nbsp; “LAS PARTES” <\\/strong>manifiestan que la firma de este convenio y los compromisos contraído en él, son producto de su buena fe, por lo que realizan todas las acciones necesarias para su debido cumplimiento; en caso de presentarse alguna diferencia con motivo de la interpretación, cumplimiento o ejecución, o asuntos que no se encuentren expresamente previstos en el presente convenio, <strong>“LAS PARTES” <\\/strong>lo resolverán por mutuo acuerdo, en el entendido de que las decisiones que se tomen deberán hacerse por escrito y estarán firmadas por cada uno de sus representantes, anexando dichos acuerdos al presente convenio, para formar parte integrante del mismo.&nbsp;<\\/p><p><strong>“LAS PARTES”<\\/strong> acuerdan someter a mediación en primer lugar cualquier controversia que pueda suscitarse con motivo de la interpretación, ejecución, validez, eficacia o cualquier otra contingencia que se relacione directa o indirectamente con el presente convenio, así como la reparación de los daños y perjuicios que pudieran derivar de su incumplimiento.<\\/p><p>El proceso de mediación se desarrollará en el Instituto de Justicia Alternativa del Estado de Jalisco, así pues, las partes declaran conocer y aceptar considerándolo parte integrante del presente convenio.<\\/p><p>No obstante, al no ser posible lo anterior, se aplicará la legislación civil vigente del Estado de Jalisco, y se sujetaran a los Tribunales del Primer Partido Judicial del Estado de Jalisco; renunciando a la Jurisdicción o Fuero que, por razón de su domicilio actual o futuro, o que, por cualquier otra causa, pudiere corresponderles.<\\/p><p>Previa lectura y con pleno conocimiento de su contenido, se extiende por <strong>triplicado<\\/strong> el presente convenio que de conformidad suscriben las partes en la ciudad de Tequila, Jalisco, el día 13 de mayo 2025, conservando un ejemplar cada una de ellas.<\\/p><p>&nbsp;<\\/p><p>&nbsp;<\\/p><p>&nbsp;<\\/p><p>&nbsp;<\\/p><p>&nbsp;<\\/p><p>&nbsp;<\\/p><p>&nbsp;<\\/p><figure class=\\\"table\\\"><table><tbody><tr><td><p><strong>RAZÓN SOCIAL DE LA EMPRESA<\\/strong><\\/p><p><strong>&nbsp;<\\/strong><\\/p><p><strong>&nbsp;<\\/strong><\\/p><\\/td><td>&nbsp;<\\/td><td><strong>EL “TSJ”<\\/strong><\\/td><\\/tr><tr><td><p>NOMBRE COMPLETO DE<\\/p><p>REPRESENTANTE LEGAL<\\/p><\\/td><td>&nbsp;<\\/td><td><p>EDUARDO DANIEL MIRAMONTES GARCÍA<\\/p><p>DIRECTOR DE LA UNIDAD ACADÉMICA TEQIUILA<\\/p><\\/td><\\/tr><tr><td colspan=\\\"3\\\"><p><strong>&nbsp;<\\/strong><\\/p><p><strong>&nbsp;<\\/strong><\\/p><p><strong>TESTIGOS<\\/strong><\\/p><\\/td><\\/tr><tr><td><p>&nbsp;<\\/p><p>&nbsp;<\\/p><\\/td><td>&nbsp;<\\/td><td>&nbsp;<\\/td><\\/tr><tr><td><p>NOMBRE<\\/p><p>PUESTO<\\/p><\\/td><td>&nbsp;<\\/td><td><p>&nbsp;DIEGO IVÁN VELEZ SANCHEZ<\\/p><p>JEFA DE DEPARTAMENTO DE PLANEACIÓN Y VINCULACIÓN<\\/p><p>&nbsp;<\\/p><\\/td><\\/tr><\\/tbody><\\/table><\\/figure><p>&nbsp;<\\/p><p>Convenio de Colaboración celebrado entre (“HECTOR SYSTEMAS INC”) y el Instituto Tecnológico José Mario Molina Pasquel y Henríquez<\\/p>\",\"archivo_pdf\":null,\"version_local\":\"v1.0\",\"confirmacion_empresa\":1,\"estatus\":\"Aprobado\",\"estatus_general\":\"Editable\",\"creado_en\":\"2025-12-08 07:46:18\",\"actualizado_en\":\"2025-12-08 09:13:24\"}],\"machote_revisiones\":[],\"machote_revision_mensajes\":[],\"machote_revision_archivos\":[],\"comentarios\":[{\"id\":3,\"respuesta_a\":2,\"machote_id\":4,\"usuario_id\":null,\"autor_rol\":\"empresa\",\"clausula\":\"\",\"comentario\":\"Si correcto\",\"archivo_path\":null,\"estatus\":\"pendiente\",\"estatus_general\":\"Activo\",\"creado_en\":\"2025-12-08 09:13:06\"},{\"id\":2,\"respuesta_a\":null,\"machote_id\":4,\"usuario_id\":1,\"autor_rol\":\"admin\",\"clausula\":\"Clausula Segunda\",\"comentario\":\"Clausula 1\",\"archivo_path\":null,\"estatus\":\"resuelto\",\"estatus_general\":\"Activo\",\"creado_en\":\"2025-12-08 09:12:41\"}],\"documentos\":[{\"id\":3,\"empresa_id\":21,\"tipo_global_id\":13,\"tipo_personalizado_id\":null,\"ruta\":\"uploads\\/documento\\/doc_21_13_20251208_153902_fe9f7e77.png\",\"estatus\":\"aprobado\",\"observacion\":null,\"creado_en\":\"2025-12-08 09:39:02\",\"actualizado_en\":\"2025-12-08 09:39:46\"}],\"estudiantes\":[],\"asignaciones\":[],\"auditoria_detalle\":[{\"detalle_id\":38,\"auditoria_id\":24,\"campo\":\"estatus\",\"campo_label\":\"Estatus\",\"valor_anterior\":\"pendiente\",\"valor_nuevo\":\"aprobado\",\"creado_en\":\"2025-12-08 09:39:46\",\"actor_tipo\":\"usuario\",\"actor_id\":1,\"accion\":\"aprobar\",\"entidad\":\"rp_empresa_doc\",\"entidad_id\":3,\"ip\":\"::1\",\"ts\":\"2025-12-08 09:39:46\"},{\"detalle_id\":37,\"auditoria_id\":23,\"campo\":\"archivo\",\"campo_label\":\"Archivo\",\"valor_anterior\":null,\"valor_nuevo\":\"doc_21_13_20251208_153902_fe9f7e77.png\",\"creado_en\":\"2025-12-08 09:39:02\",\"actor_tipo\":\"usuario\",\"actor_id\":1,\"accion\":\"subir\",\"entidad\":\"rp_empresa_doc\",\"entidad_id\":3,\"ip\":\"::1\",\"ts\":\"2025-12-08 09:39:02\"},{\"detalle_id\":36,\"auditoria_id\":23,\"campo\":\"estatus\",\"campo_label\":\"Estatus\",\"valor_anterior\":null,\"valor_nuevo\":\"pendiente\",\"creado_en\":\"2025-12-08 09:39:02\",\"actor_tipo\":\"usuario\",\"actor_id\":1,\"accion\":\"subir\",\"entidad\":\"rp_empresa_doc\",\"entidad_id\":3,\"ip\":\"::1\",\"ts\":\"2025-12-08 09:39:02\"},{\"detalle_id\":35,\"auditoria_id\":23,\"campo\":\"tipo_documento\",\"campo_label\":\"Tipo de documento\",\"valor_anterior\":null,\"valor_nuevo\":\"Comprobante de domicilio vigente\",\"creado_en\":\"2025-12-08 09:39:02\",\"actor_tipo\":\"usuario\",\"actor_id\":1,\"accion\":\"subir\",\"entidad\":\"rp_empresa_doc\",\"entidad_id\":3,\"ip\":\"::1\",\"ts\":\"2025-12-08 09:39:02\"},{\"detalle_id\":28,\"auditoria_id\":19,\"campo\":\"estatus\",\"campo_label\":\"Estatus\",\"valor_anterior\":\"En revisión\",\"valor_nuevo\":\"Activa\",\"creado_en\":\"2025-12-08 09:16:47\",\"actor_tipo\":\"sistema\",\"actor_id\":null,\"accion\":\"aprobar\",\"entidad\":\"rp_convenio\",\"entidad_id\":3,\"ip\":\"::1\",\"ts\":\"2025-12-08 09:16:47\"},{\"detalle_id\":27,\"auditoria_id\":18,\"campo\":\"firmado_path\",\"campo_label\":\"Archivo firmado\",\"valor_anterior\":null,\"valor_nuevo\":\"convenio_20251208_151642_811c4372e829a6c2.pdf\",\"creado_en\":\"2025-12-08 09:16:42\",\"actor_tipo\":\"sistema\",\"actor_id\":null,\"accion\":\"actualizar\",\"entidad\":\"rp_convenio\",\"entidad_id\":3,\"ip\":\"::1\",\"ts\":\"2025-12-08 09:16:42\"},{\"detalle_id\":25,\"auditoria_id\":16,\"campo\":\"estatus\",\"campo_label\":\"Estatus del machote\",\"valor_anterior\":\"En revisión\",\"valor_nuevo\":\"Aprobado\",\"creado_en\":\"2025-12-08 09:13:24\",\"actor_tipo\":\"empresa\",\"actor_id\":21,\"accion\":\"confirmar\",\"entidad\":\"rp_convenio_machote\",\"entidad_id\":4,\"ip\":\"::1\",\"ts\":\"2025-12-08 09:13:24\"},{\"detalle_id\":24,\"auditoria_id\":16,\"campo\":\"confirmacion_empresa\",\"campo_label\":\"Confirmacion de empresa\",\"valor_anterior\":\"No confirmado\",\"valor_nuevo\":\"Confirmado\",\"creado_en\":\"2025-12-08 09:13:24\",\"actor_tipo\":\"empresa\",\"actor_id\":21,\"accion\":\"confirmar\",\"entidad\":\"rp_convenio_machote\",\"entidad_id\":4,\"ip\":\"::1\",\"ts\":\"2025-12-08 09:13:24\"},{\"detalle_id\":16,\"auditoria_id\":12,\"campo\":\"contenido_html\",\"campo_label\":\"Contenido del machote\",\"valor_anterior\":\"NOMBRE DE LA EMPRESA”). que sea a fin a su perfil profesional y programa académico que cursan y asignar actividades par…\",\"valor_nuevo\":\"{{EMPRESA_NOMBRE}}”). que sea a fin a su perfil profesional y programa académico que cursan y asignar actividades para …\",\"creado_en\":\"2025-12-08 07:49:04\",\"actor_tipo\":\"usuario\",\"actor_id\":1,\"accion\":\"actualizar_machote_html\",\"entidad\":\"rp_convenio_machote\",\"entidad_id\":4,\"ip\":\"::1\",\"ts\":\"2025-12-08 07:49:04\"},{\"detalle_id\":15,\"auditoria_id\":11,\"campo\":\"contenido_html\",\"campo_label\":\"Contenido del machote\",\"valor_anterior\":\"—\",\"valor_nuevo\":\"SE AGREGÓ: \\\" \\\"\",\"creado_en\":\"2025-12-08 07:46:24\",\"actor_tipo\":\"usuario\",\"actor_id\":1,\"accion\":\"actualizar_machote_html\",\"entidad\":\"rp_convenio_machote\",\"entidad_id\":4,\"ip\":\"::1\",\"ts\":\"2025-12-08 07:46:24\"},{\"detalle_id\":14,\"auditoria_id\":10,\"campo\":\"machote_padre_id\",\"campo_label\":\"Plantilla institucional\",\"valor_anterior\":\"—\",\"valor_nuevo\":\"Plantilla \\\"V2\\\" (ID #2)\",\"creado_en\":\"2025-12-08 07:46:18\",\"actor_tipo\":\"usuario\",\"actor_id\":1,\"accion\":\"generar_machote\",\"entidad\":\"rp_convenio\",\"entidad_id\":3,\"ip\":\"::1\",\"ts\":\"2025-12-08 07:46:18\"},{\"detalle_id\":13,\"auditoria_id\":10,\"campo\":\"machote_id\",\"campo_label\":\"Machote generado\",\"valor_anterior\":\"—\",\"valor_nuevo\":\"HECTOR SYSTEMS — v1.0 (ID #4)\",\"creado_en\":\"2025-12-08 07:46:18\",\"actor_tipo\":\"usuario\",\"actor_id\":1,\"accion\":\"generar_machote\",\"entidad\":\"rp_convenio\",\"entidad_id\":3,\"ip\":\"::1\",\"ts\":\"2025-12-08 07:46:18\"}],\"metadata\":{\"motivo\":null,\"archivado_en\":\"2025-12-08 15:49:36\"}}',NULL);
/*!40000 ALTER TABLE `rp_convenio_archivado` ENABLE KEYS */;
UNLOCK TABLES;

--
-- Table structure for table `rp_convenio_machote`
--

DROP TABLE IF EXISTS `rp_convenio_machote`;
/*!40101 SET @saved_cs_client     = @@character_set_client */;
/*!50503 SET character_set_client = utf8mb4 */;
CREATE TABLE `rp_convenio_machote` (
  `id` bigint NOT NULL AUTO_INCREMENT,
  `convenio_id` bigint NOT NULL,
  `machote_padre_id` bigint DEFAULT NULL,
  `contenido_html` longtext COLLATE utf8mb4_general_ci,
  `archivo_pdf` varchar(255) COLLATE utf8mb4_general_ci DEFAULT NULL,
  `version_local` varchar(50) COLLATE utf8mb4_general_ci DEFAULT 'v1.0',
  `confirmacion_empresa` tinyint(1) NOT NULL DEFAULT '0',
  `estatus` enum('En revisión','Aprobado','Con observaciones','Archivado') COLLATE utf8mb4_general_ci DEFAULT 'En revisión',
  `estatus_general` enum('Editable','Solo lectura','Cerrado','Archivado') COLLATE utf8mb4_general_ci NOT NULL DEFAULT 'Editable',
  `creado_en` datetime DEFAULT CURRENT_TIMESTAMP,
  `actualizado_en` datetime DEFAULT CURRENT_TIMESTAMP ON UPDATE CURRENT_TIMESTAMP,
  PRIMARY KEY (`id`),
  KEY `idx_convenio_machote` (`convenio_id`,`machote_padre_id`),
  KEY `fk_convenio_machote_padre` (`machote_padre_id`),
  CONSTRAINT `fk_convenio_machote_convenio` FOREIGN KEY (`convenio_id`) REFERENCES `rp_convenio` (`id`) ON DELETE CASCADE,
  CONSTRAINT `fk_convenio_machote_padre` FOREIGN KEY (`machote_padre_id`) REFERENCES `rp_machote` (`id`) ON DELETE SET NULL
) ENGINE=InnoDB AUTO_INCREMENT=5 DEFAULT CHARSET=utf8mb4 COLLATE=utf8mb4_general_ci;
/*!40101 SET character_set_client = @saved_cs_client */;

--
-- Dumping data for table `rp_convenio_machote`
--

LOCK TABLES `rp_convenio_machote` WRITE;
/*!40000 ALTER TABLE `rp_convenio_machote` DISABLE KEYS */;
INSERT INTO `rp_convenio_machote` VALUES (1,1,1,'<p>EMPRESA TECHNOLOGICA&nbsp;</p><p>&nbsp;</p><p>&nbsp;</p><p>CONVENIO&nbsp; DE COLABORACIÓN Y VINCULACIÓN QUE CELEBRAN POR UNA PARTE <strong>EL INSTITUTO TECNOLÓGICO JOSÉ MARIO MOLINA PASQUEL Y HENRÍQUEZ</strong> REPRESENTADO EN ESTE ACTO POR <strong>(MTRO. EDUARDO DANIEL MIRAMONTES GARCIA)</strong>, EN SU CARÁCTER DE <strong>(DIRECTOR DE LA UNIDAD ACDÉMICA TEQUILA)</strong>, QUE EN LO SUCESIVO SE DENOMINARÁ COMO EL <strong>“TSJ”</strong>, Y, POR OTRA PARTE, <strong>(NOMBRE DE LA EMPRESA)</strong>, REPRESENTADO EN ESTE ACTO POR <strong>(NOMBRE COMPLETO DEL REPRESENTANTE LEGAL DE LA EMPRESA)</strong>, EN SU CARÁCTER DE <strong>(REPRESENTANTE LEGAL DE LA EMPRESA)</strong>, A QUIÉN EN LO SUCESIVO SE LE DENOMINARÁ &nbsp;<strong>(Tecnologías Avanzadas de México S.A. de C.V)</strong>, A LOS COMPARECIENTES EN CONJUNTO SE LES DENOMINARÁ COMO <strong>“LAS PARTES”</strong> QUIENES EN ESTE ACTO FORMALIZAN EL PRESENTE CONVENIO Y LO SUJETAN AL TENOR DE LAS SIGUIENTES DECLARACIONES Y CLÁUSULAS:</p><p><strong>&nbsp;</strong></p><p><strong>DECLARACIONES</strong></p><p><strong>&nbsp;</strong></p><p><strong>DECLARACIONES</strong></p><p><strong>&nbsp;I.&nbsp;&nbsp;&nbsp; Declara el “TSJ” por conducto de su representante legal que:</strong></p><p>I.1 Que es un organismo público descentralizado del Gobierno del Estado con personalidad jurídica y patrimonio propio, creado mediante decreto legislativo<strong> 25535/LX/15, del Congreso del Estado de Jalisco </strong>publicado en el periódico oficial El Estado de Jalisco con fecha de 9<strong> de Diciembre del 2026</strong>, cuya finalidad es la de prestar el servicio de educación superior tecnológica en el Estado de Jalisco.</p><p>I.2 Que tiene como objeto:</p><p>a.&nbsp;&nbsp; Formar profesionales de nivel superior que requiere el desarrollo del Estado de Jalisco y del país;</p><p>b.&nbsp;&nbsp; Realizar labores de investigación científica y tecnológica;</p><p>c.&nbsp;&nbsp; Extender los beneficios de la ciencia y de la tecnología hacia la sociedad;</p><p>d.&nbsp;&nbsp; Promover entre los miembros de su comunidad académica una formación armónica y equilibrada;</p><p>e.&nbsp;&nbsp; Participar en el proceso de creación, conservación, renovación y transmisión de la cultura de la ciencia, la tecnología y la innovación;</p><p>f.&nbsp;&nbsp;&nbsp;&nbsp; Impulsar las capacidades especializadas que requieren las cadenas productivas del ecosistema tecnológico; y</p><p>g.&nbsp;&nbsp; Los demás que señalen las leyes y reglamentos aplicables.</p><p><strong>&nbsp;</strong></p><p>I.3 Que como parte de su estructura y organización cuenta con las siguientes Unidades Académicas: Arandas, Chapala, Cocula, El Grullo, La Huerta, Lagos de Moreno, Mascota, Puerto Vallarta, San Juan de los Lagos, Tala, Tamazula, Tepatitlán de Morelos, Tequila, Tomatlán, Zapopan y Zapotlanejo, quienes son Unidades Académicas distribuidas en el territorio del Estado de Jalisco, a través de las cuales el Instituto realiza sus actividades y cumple con su objeto y fines.</p><p>&nbsp;</p><p>I.4 Mediante acuerdo de fecha 01 de mayo del 2025, el C. Gobernador Constitucional del Estado de Jalisco, Lic. Jesús Pablo Lemus Navarro, designó como Titular de la Dirección General del “INSTITUTO TECNOLÓGICO JOSÉ MARIO MOLINA PASQUEL Y HENRIQUEZ” a la C. Gloria Luz Rodríguez Gil.</p><p>&nbsp;</p><p>I.5 Que de conformidad por los artículos 21, 23 fracción II inciso a) de la Ley de Entidades Paraestatales del Estado de Jalisco; 23, 24 y 26 fracción X de la Ley Orgánica del In</p><p>&nbsp;</p><p>El \"<strong>TSJ</strong>\" comparece por conducto el Director de la Unidad Académica de (Tequila) el <strong>C. (Eduardo Daniel Miramontes García)</strong>, facultado por la Titular de la Dirección General del Instituto, mediante acuerdo ACU/TSJ/003/2025 de fecha 02 de mayo del 2025, para poder suscribir el presente instrumento.</p><p>&nbsp;</p><p>I.6 Que para efectos del presente convenio señala como domicilio para todos los efectos legales el ubicado en la calle Dr. Joel Magallanes Rubio número 501 en la colonia lomas del paraíso, en el municipio de Tequila, Jalisco, Código. Postal. 46400</p><p>&nbsp;</p><p><strong>II.&nbsp;&nbsp;&nbsp;&nbsp;&nbsp;&nbsp;&nbsp; Declara (NOMBRE COMPLETO DE LA EMPRESA) por conducto de su representante, que: NOMBRE DE REPRESENTANTE LEGAL</strong></p><p><strong>&nbsp;</strong></p><p>II.1.<strong> </strong>II.1<strong> </strong>Es un (empresa, dependencia, entidad, etc.) (fecha de creación) (documento que lo acredita, acta constitutive)</p><p>&nbsp;</p><p>II.2 La sociedad tiene por objeto: todo lo referente de acuerdo a su objeto social</p><p>&nbsp;</p><p>II.3 (Nombre del representante legal y cargo) (documentos que acredite su personalidad) (Sustento legal que le dé atribución de suscribir el convenio)</p><p>&nbsp;</p><p>&nbsp;</p><p>II.4 Que para efectos del presente convenio señala como domicilio para todos los efectos legales el ubicado en calle XXXXXX número XXXX, colonia XXXXX, municipio de xxxxxx, (Estado), C.P.(XXXX).</p><p>&nbsp;</p><p><strong>III.&nbsp;&nbsp;&nbsp;&nbsp;&nbsp;&nbsp;&nbsp; Declaran “LAS PARTES”:</strong></p><p><strong>&nbsp;</strong></p><p>III.1 Que la prestación del Servicio Social, Residencias Profesionales y Educación Dual a que se refiere el presente convenio, es el objeto principal del presente documento, así como de otorgar a <strong>“EL ALUMNADO”</strong> de nivel superior, la oportunidad de cumplir con este requisito, dentro del esquema que permita sentar bases su óptimo desarrollo profesional.</p><p>&nbsp;</p><p>III.2 Que se reconocen recíprocamente la personalidad y capacidad legal con la que comparecen a celebrar el presente convenio y manifiestan estar conforme con lo declarado por cada una de ellas en los capítulos respectivos.</p><p>&nbsp;</p><p>III.3 Estar comprometidos a colaborar juntos para desarrollar las mejoras que requiere el estado y el país.</p><p>&nbsp;</p><p>III.4 Que para el otorgamiento y suscripción del presente instrumento no existe dolo, error, mala fe o cualquier otro vicio de la voluntad que lo pudiera invalidar, por lo que tienen interés en establecer los términos y condiciones que se indican en las siguientes:</p><p>&nbsp;</p><p><strong>CLÁUSULAS</strong></p><p><strong>&nbsp;</strong></p><p><strong>&nbsp;</strong></p><p><strong>PRIMERA. DEL OBJETO.</strong></p><p>El presente convenio tiene por objeto establecer las bases para la coordinación y colaboración entre <strong>“LAS PARTES”</strong> para prestar servicio social, residencias profesionales, desarrollar y reforzar competencias profesionales específicas en un ambiente académico-laboral, en lo sucesivo <strong>“LOS PROGRAMAS Y PROYECTOS”</strong> que contribuyan al mejor logro de los propósitos que cada una persigue, así como desarrollar las habilidades de las personas que cursen educación superior en lo sucesivo <strong>“EL ALUMNADO”</strong> de <strong>(LA UNIDAD ACADEMICA DE TEQUILA)</strong> permita facilitar su incorporación a los sectores, social, productivo y laboral.</p><p>&nbsp;</p><p>El desarrollo de <strong>“LOS PROGRAMAS Y PROYECTOS”</strong> debe ser en primera instancia en beneficio de <strong>“EL ALUMNADO” </strong>y en segunda instancia en beneficio de <strong>“LAS PARTES”, </strong>para lo cual <strong>“EL ALUMNADO” </strong>realizará los reportes pertinentes de las actividades desarrolladas de acuerdo a los objetivos del <strong>“TSJ” </strong>y de <strong>(\"NOMBRE DE LA EMPRESA”)</strong>.<strong> </strong>firmados por su asesor.</p><p><strong>&nbsp;</strong></p><p><strong>SEGUNDA. DE LOS PROGRAMAS Y PROYECTOS. </strong>Se entenderá para el presente instrumento como los programas y proyectos las acciones siguientes:</p><p>&nbsp;</p><p><strong>&nbsp;&nbsp;&nbsp;&nbsp;&nbsp; I.&nbsp;&nbsp;&nbsp;&nbsp;&nbsp;&nbsp;&nbsp;&nbsp; Prestación de Servicio Social:</strong> Colaborar <strong>“LAS PARTES”</strong> con “<strong>EL ALUMNADO”, </strong>para realizar la actividad formativa y temporal obligatoria para que estos complementen su formación profesional de los conocimientos adquiridos en el programa académico que cursan y asignar actividades para que las puedan llevar a cabo en las instalaciones de <strong>(\"NOMBRE DE LA EMPRESA”)</strong>., así como cumplir requisitos en los términos de la normatividad vigente.</p><p><strong>&nbsp;&nbsp;&nbsp;&nbsp; II.&nbsp;&nbsp;&nbsp;&nbsp;&nbsp;&nbsp;&nbsp;&nbsp; Residencia Profesional: </strong>Colaborar <strong>“LAS PARTES”</strong> con “<strong>EL ALUMNADO”, </strong>para realizar el desarrollo de proyectos productivos para <strong>(\"NOMBRE DE LA EMPRESA”)</strong>. que sea a fin a su perfil profesional y programa académico que cursan y asignar actividades para las puedan llevar a cabo en las instalaciones de <strong>(\"NOMBRE DE LA EMPRESA”)</strong>. para desarrollar habilidades y capacidades, así como cumplir requisitos en los términos de la normatividad vigente.</p><p><strong>&nbsp;&nbsp; III.&nbsp;&nbsp;&nbsp;&nbsp;&nbsp;&nbsp;&nbsp;&nbsp; Modalidad Educación Dual: </strong>Colaborar <strong>“LAS PARTES”</strong> en sus respectivos ámbitos de competencia con “<strong>EL ALUMNADO”, </strong>para construir, desarrollar, reforzar la teoría y la práctica de sus habilidades profesionales con un ambiente académico-laboral en <strong>(\"NOMBRE DE LA EMPRESA”)</strong>.</p><p><strong>&nbsp;</strong></p><p><strong>TERCERA. DE LOS COMPROMISOS. </strong>Para la realización del objeto del presente instrumento,<strong> “LAS PARTES” </strong>se comprometen a:</p><p><strong>&nbsp;</strong></p><p>a)&nbsp;&nbsp;&nbsp; Permitir al personal el acceso a sus instalaciones, y facilitar el uso de equipos, instrumentos y fuentes de información de acuerdo a su disponibilidad y condiciones de la operación para cumplir con el objeto del presente convenio.</p><p>&nbsp;</p><p>b)&nbsp;&nbsp;&nbsp; Coordinar la colaboración necesaria para el desarrollo de las acciones derivadas del presente convenio.</p><p>&nbsp;</p><p>c)&nbsp;&nbsp;&nbsp;&nbsp; Desarrollar <strong>“LOS PROGRAMAS Y PROYECTOS”</strong> encaminados a la innovación y desarrollo tecnológico de manera conjunta para contribuir a la solución de problemas regionales, y proporcionar servicios tecnológicos y/o trabajos técnicos especializados de acuerdo a las necesidades y requerimientos de la región.</p><p>&nbsp;</p><p>d)&nbsp;&nbsp;&nbsp; En medida de sus posibilidades se podrán donar equipo para la realización de prácticas escolares, uso en oficinas o cualquier índole que sea en beneficio de la institución.</p><p>&nbsp;</p><p><strong>CUARTA. </strong>Para efectos del presente instrumento, <strong>“LAS PARTES”</strong> se obligan a:</p><p>&nbsp;</p><p><strong>&nbsp;&nbsp;&nbsp;&nbsp;&nbsp; I.&nbsp;&nbsp;&nbsp;&nbsp;&nbsp;&nbsp;&nbsp;&nbsp; POR PARTE DE</strong> <strong>(\"NOMBRE DE LA EMPRESA”)</strong>.</p><p>&nbsp;</p><p><strong>a)&nbsp;&nbsp;&nbsp; </strong>Dar de conocimiento a <strong>“EL ALUMNADO”</strong> la normatividad de <strong>(\"NOMBRE DE LA EMPRESA”)</strong>.</p><p><strong>b)&nbsp;&nbsp;&nbsp; </strong>Garantizar trato digno de “<strong>EL ALUMNADO”.</strong></p><p><strong>c)&nbsp;&nbsp;&nbsp; </strong>Asignar áreas específicas, equipo e infraestructura, para el desarrollo de las actividades de <strong>“LOS PROGRAMAS Y PROYECTOS”</strong>.</p><p><strong>d)&nbsp;&nbsp;&nbsp; </strong>Apoyar las actividades de enseñanza- aprendizaje de <strong>“EL ALUMNADO” </strong>de acuerdo al programa educativo del <strong>“TSJ”</strong> y al programa operativo de <strong>(\"NOMBRE DE LA EMPRESA”)</strong>.</p><p><strong>e)&nbsp;&nbsp;&nbsp; </strong>Ofertar el número de plazas para <strong>“LOS PROGRAMAS Y PROYECTOS”</strong> de acuerdo al cupo de <strong>“EL ALUMNADO”</strong> y la afluencia de actividades de planeación, operación y supervisión de <strong>(\"NOMBRE DE LA EMPRESA”)</strong>.</p><p><strong>f)&nbsp;&nbsp;&nbsp;&nbsp;&nbsp; </strong>Proporcionar carta de aceptación a <strong>“EL ALUMNADO”</strong> del <strong>“TSJ”</strong> que realice trámites para realizar <strong>“LOS PROGRAMAS Y PROYECTOS”</strong>.</p><p><strong>g)&nbsp;&nbsp;&nbsp; </strong>Aceptar que el personal docente específico asignado, supervise <strong>“LOS PROGRAMAS Y PROYECTOS”</strong> de <strong>“EL ALUMNADO”.</strong></p><p><strong>h)&nbsp;&nbsp;&nbsp; </strong>Supervisar, evaluar y firmar los reportes que presenten <strong>“EL ALUMNADO” </strong>respecto de las actividades realizadas para desarrollo de <strong>“LOS PROGRAMAS Y PROYECTOS” </strong>cuando se requiera.</p><p><strong>i)&nbsp;&nbsp;&nbsp;&nbsp;&nbsp; </strong>Presentar semestralmente por escrito al <strong>“TSJ”</strong> un informe sobre el desarrollo de <strong>“LOS PROGRAMAS Y PROYECTOS” </strong>de <strong>“EL ALUMNADO” </strong>cuando se requiera.</p><p><strong>j)&nbsp;&nbsp;&nbsp;&nbsp;&nbsp; </strong>Dictar las disposiciones correspondientes para brindar las facilidades administrativas necesarias para alcanzar los objetivos descritos con anterioridad.</p><p><strong>k)&nbsp;&nbsp;&nbsp; </strong>Garantizar a <strong>“EL ALUMNADO”</strong> la seguridad dentro de sus instalaciones y en caso de ser necesario proporcionar un seguro de gastos médicos cuando los riesgos, sean mayores a las labores propias del trabajo de <strong>“LOS PROGRAMAS Y PROYECTOS” </strong>encomendadas por el <strong>(\"NOMBRE DE LA EMPRESA”)</strong>.</p><p><strong>l)&nbsp;&nbsp;&nbsp;&nbsp;&nbsp; </strong>Garantizar confidencialidad a los proyectos desarrollados para el <strong>“TSJ”</strong>.</p><p><strong>m)&nbsp;&nbsp; </strong>Respetar la normatividad del <strong>“TSJ”</strong>.</p><p>&nbsp;</p><p><strong>&nbsp;&nbsp;&nbsp;&nbsp; II.&nbsp;&nbsp;&nbsp;&nbsp;&nbsp;&nbsp;&nbsp;&nbsp; POR PARTE DEL “TSJ”:</strong></p><p>&nbsp;</p><p><strong>a)&nbsp;&nbsp;&nbsp; </strong>Informar y acompañar a <strong>“EL ALUMNADO”</strong> previo, durante y posterior al proceso para realizar <strong>“LOS PROGRAMAS Y PROYECTOS” </strong>de conformidad con la normatividad aplicable.</p><p><strong>b)&nbsp;&nbsp;&nbsp; </strong>Proporcionar a <strong>“EL ALUMNADO”</strong> el Seguro Facultativo por escrito, mismo que será presentado a <strong>(\"NOMBRE DE LA EMPRESA”)</strong>.</p><p><strong>c)&nbsp;&nbsp;&nbsp; </strong>Proporcionar a <strong>(\"NOMBRE DE LA EMPRESA”)</strong>.<strong> </strong>la información que requiera para la operación de <strong>“LOS PROGRAMAS Y PROYECTOS”,</strong> así como también facilitar el uso de equipamiento e infraestructura física.</p><p><strong>d)&nbsp;&nbsp;&nbsp; </strong>Aceptar la participación de <strong>(\"NOMBRE DE LA EMPRESA”)</strong>.<strong> </strong>en la formulación del plan de actividades de prácticas de campo y profesionales.</p><p><strong>e)&nbsp;&nbsp;&nbsp; </strong>Revisar y actualizar anualmente los planes de actividades académicas de las prácticas.</p><p><strong>f)&nbsp;&nbsp;&nbsp;&nbsp;&nbsp; </strong>Contratar por su cuenta al docente o docentes, responsables del campo práctico, eximiendo desde luego <strong>(\"NOMBRE DE LA EMPRESA”)</strong>.de cualquier responsabilidad laboral, fiscal y de seguridad social que al respecto pudiera existir en relación con <strong>“EL ALUMNADO” </strong>y con el profesorado del campo práctico.</p><p><strong>g)&nbsp;&nbsp;&nbsp; </strong>Expedir la documentación necesaria a <strong>“EL ALUMNADO” </strong>para llevar a cabo el desarrollo de <strong>“LOS PROGRAMAS Y PROYECTOS”.</strong></p><p><strong>h)&nbsp;&nbsp;&nbsp; </strong>Supervisar y evaluar el rendimiento educativo de <strong>“EL ALUMNADO” </strong>basándose en la instrumentación que <strong>“LAS PARTES”</strong> determinen.</p><p><strong>i)&nbsp;&nbsp;&nbsp;&nbsp;&nbsp; </strong>Aceptar que <strong>“EL ALUMNADO”</strong> que cometan alguna falta a la reglamentación interior de <strong>(\"NOMBRE DE LA EMPRESA”)</strong>. durante su permanencia en las instalaciones, se harán acreedores a la aplicación de medidas disciplinarías correspondientes, las cuales serán impuestas por la misma en coordinación con el <strong>“TSJ”</strong>.</p><p><strong>j)&nbsp;&nbsp;&nbsp;&nbsp;&nbsp; </strong>Ofrecer confidencialidad a los proyectos desarrollados para <strong>(\"NOMBRE DE LA EMPRESA”)</strong>.</p><p><strong>k)&nbsp;&nbsp;&nbsp; </strong>Respetar la normatividad de <strong>(\"NOMBRE DE LA EMPRESA”)</strong>.</p><p>&nbsp;</p><p><strong>QUINTA.</strong> <strong>ENCARGADOS DEL SEGUIMIENTO. “LAS PARTES”</strong> convienen en designar para la realización cumplimiento, ejecución y consecución del objeto y compromisos acodados en el presente convenio a los siguientes encargados:</p><p>&nbsp;</p><p>&nbsp;&nbsp;&nbsp;&nbsp;&nbsp; I.&nbsp;&nbsp;&nbsp;&nbsp;&nbsp;&nbsp;&nbsp;&nbsp; Por <strong>(\"NOMBRE DE EMPRESA”)</strong> a la C. NOMBRE COMPLETO DE LA PERSONA QUE DARÁ SEGUIMIENTO A CONVENIO señalando como vía de comunicación el número de teléfono y cuenta de correo electrónico</p><p>&nbsp;</p><p>&nbsp;&nbsp;&nbsp;&nbsp; II.&nbsp;&nbsp;&nbsp;&nbsp;&nbsp;&nbsp;&nbsp;&nbsp; Por el <strong>“TSJ</strong>” a la jefatura de Planeación y Vinculación señalando como vía de comunicación 3747427288 Extensión # 6021 correo electrónico institucional, diego.velez@tequila.tecmm.edu.mx</p><p>&nbsp;</p><p><strong>SEXTA. RELACIONES LABORALES. “LAS PARTES”</strong> acuerdan que el personal asignado por cada una de ellas para la realización del presente convenio, así como <strong>“LOS PROGRAMAS Y PROYECTOS”</strong> que de éste deriven se entenderá relacionado exclusivamente con aquella que lo empleó. Por ende, cada una de ellas asumirá su responsabilidad por este concepto y en ningún caso el cumplimiento del objeto del presente acuerdo implicará relación laboral, obligación o compromiso alguno en este orden, por lo que no podrán ser considerados como patrones solidarios o sustitutos, asimismo por ser un instrumento de buena fe, no existe remuneración entre <strong>“LAS PARTES”</strong>.</p><p><strong>&nbsp;</strong></p><p><strong>“LAS</strong> <strong>PARTES”</strong> se comprometen a no intervenir en asuntos laborales y/o sindicales, ni en aquellos que competan a la operación particular de cada parte y sus trabajadores.</p><p><strong>&nbsp;</strong></p><p>Estas mismas disposiciones según corresponda serán aplicables a docentes o personal del instituto que efectúe <strong>“LOS PROGRAMAS Y PROYECTOS”.</strong></p><p><strong>&nbsp;</strong></p><p><strong>SÉPTIMA. RESPONSABILIDAD CIVIL. </strong>Queda expresamente pactado que <strong>“LAS PARTES”</strong> no tendrán responsabilidad civil por los daños y perjuicios que pudieran causarse como consecuencia de caso fortuito o fuerza mayor, particularmente por el paro de labores académicas o administrativas, en virtud de lo cual pudieran encontrarse impedidas para cumplir oportunamente con los compromisos derivados del objeto y alcances de este convenio.</p><p>&nbsp;</p><p>En caso de interrupción de actividades por esta causa, <strong>“LAS</strong> <strong>PARTES”</strong> se comprometen a reiniciar sus actividades inmediatamente después de que las causas de fuerza mayor hayan desaparecido en la forma y términos que las mismas determinen.</p><p><strong>&nbsp;</strong></p><p><strong>OCTAVA. CONFIDENCIALIDAD Y RESERVA DE LA INFORMACIÓN </strong>Toda la información, documentación o los datos que <strong>“LAS PARTES”</strong> generen, se entreguen o divulguen por cualquier medio y con motivo del presente convenio, será considerada por <strong>“LAS PARTES”</strong> como Información Pública, a excepción de&nbsp; aquella información o datos que contenga información confidencial, reservada, se haya clasificado o identificado por cualquiera de las partes al momento de la entrega, con la leyenda de “Información Confidencial”, está protegida por derechos de autor y/o propiedad intelectual ésta deberá de ser preservada en confidencialidad, y en consecuencia no podrá ser duplicada, reproducida, divulgada, enajenada o transferida a ningún tercero, sin previa autorización por escrito de la parte que haya entregado la información conforme a la Ley General de Transparencia y Acceso a la Información Pública, Ley General de Protección de Datos Personales en Posesión de Sujetos Obligados, así como sus símiles en el Estado de Jalisco además de cualquier otra normatividad en la materia, para con esto garantizar los derechos humanos de Acceso a la Información, Transparencia y Protección de Datos personales.</p><p>&nbsp;</p><p><strong>“LAS PARTES”</strong> manifiestan tener conocimiento de que están sujetas a las disposiciones contenidas en la legislación en materia de acceso a la información pública, así como a la específica en protección de datos personales en posesión de sujetos obligados, y que cuentan con diversas obligaciones para el cumplimiento de dichas normatividades, entre las que destacan la publicación de convenios, contratos y demás instrumentos jurídicos que celebren.</p><p>&nbsp;</p><p>En este contexto, <strong>“LAS PARTES”</strong> manifiestan su consentimiento expreso para que al presente convenio se le dé la publicidad que la legislación invocada disponga, en las formas que la misma determine. Así mismo <strong>(\"TEQUILA LOS ABUELOS SA DE CV”)</strong> se obliga a entregar a el <strong>“TSJ”</strong> la información o documentación que le sea solicitada con motivo de la ejecución del presente convenio.</p><p>&nbsp;</p><p>Cualquier información y/o documentación que <strong>“LAS PARTES”</strong>, se transfieran, se proporcionen o revelen, incluyendo información de carácter técnica, estratégica, estadística, y/o comercial, no deberá usarse dicha información para cualquier otro propósito distinto que no sea para el cumplimiento de las obligaciones pactadas en el presente convenio, absteniéndose de divulgar dicha información por cualquier medio como lo son, en forma enunciativa más no limitativa, las publicaciones, conferencias, o bien proporcionarse a cualquier tercero sin el consentimiento previo y por escrito de <strong>“LAS PARTES”.</strong></p><p>&nbsp;</p><p>Así mismo tanto <strong>(\"TEQUILA LOS ABUELOS SA DE CV”)</strong>&nbsp; como su personal deberán mantener estricta confidencialidad sobre la información que llegasen a tener conocimiento ya sea porque fue proporcionada por el <strong>“TSJ”</strong> o aquella que resulte de las funciones objeto de este convenio, asegurándose de no revelar a terceros ninguna información o datos respecto al objeto señalado en la <strong>CLÁUSULA</strong> <strong>PRIMERA</strong> del presente convenio so-pena de recibir las sanciones tanto económicas como legales correspondientes, salvo la información que le sea requerida por ser sujeto obligado a la legislación en materia de acceso a la información.</p><p><strong>NOVENA.</strong> <strong>DE LA PROPIEDAD PATRIMONIAL E INTELECTUAL.</strong> Los derechos de propiedad intelectual que pudieran surgir con motivos de las actividades desarrolladas y derivadas del objeto del presente instrumento, (publicaciones de diversas categorías, artículos, folletos, entre otros; así como las coproducciones y su difusión), estarán sujetos a las disposiciones legales aplicables y a los convenios específicos de colaboración que sobre el particular suscriban <strong>“LAS PARTES”</strong>, otorgando el reconocimiento correspondiente a quienes hayan intervenido en la ejecución de dichas actividades.</p><p><strong>DÉCIMA. VIGENCIA. </strong>Se establece que la vigencia del presente instrumento surtirá sus efectos a partir de la fecha de su última firma, su duración será hasta el término de la presente administración constitucional estatal y <strong>“LAS PARTES”</strong> podrán de común acuerdo realizar convenios específicos y en todo tiempo modificar el contenido del convenio o darlo por terminado de manera anticipada sin necesidad de resolución judicial, toda vez que no se lleven a cabo los trabajos y objetivos en este convenio de colaboración, notificando mediante aviso por escrito a la otra parte con por lo menos treinta días de anticipación.</p><p>No obstante, lo anterior, la terminación anticipada o de la vigencia del presente convenio, no afectara a <strong>“EL ALUMNADO”</strong> que se encuentren llevando a cabo <strong>“LOS PROGRAMAS Y PROYECTOS”</strong> en las instalaciones de <strong>(\"TEQUILA LOS ABUELOS SA DE CV”)</strong>, por lo tanto, en ese supuesto, se cumplirán todas las obligaciones derivadas de este instrumento hasta que <strong>“EL ALUMNADO”</strong> que se encuentren realizando su servicio social o residencias profesionales lo concluyan.</p><p><strong>DÉCIMA PRIMERA. CESIÓN DE DERECHOS Y OBLIGACIONES. </strong>Ninguna de <strong>“LAS PARTES”</strong> podrá ceder o transferir los derechos y obligaciones derivadas del presente convenio.</p><p><strong>DÉCIMA SEGUNDA.&nbsp; NO TRANSFERENCIA DE FONDOS.&nbsp; </strong>Este convenio de colaboración y vinculación no obliga a ninguna de <strong>“LAS PARTES”</strong> a proporcionar financiamiento de cualquier tipo a la otra, incluyendo apoyo de personal o para la recaudación de fondos. Cualquier transferencia de recursos entre <strong>“LAS PARTES”</strong>, será objeto de un convenio independiente, con inclusión de cláusulas y otras condiciones según el procedimiento interno de cada parte y será debidamente firmado por las mismas.</p><p><strong>DÉCIMA TERCERA. DE LA FORMA DE RESOLVER LAS CONTROVERSIAS.&nbsp; “LAS PARTES” </strong>manifiestan que la firma de este convenio y los compromisos contraído en él, son producto de su buena fe, por lo que realizan todas las acciones necesarias para su debido cumplimiento; en caso de presentarse alguna diferencia con motivo de la interpretación, cumplimiento o ejecución, o asuntos que no se encuentren expresamente previstos en el presente convenio, <strong>“LAS PARTES” </strong>lo resolverán por mutuo acuerdo, en el entendido de que las decisiones que se tomen deberán hacerse por escrito y estarán firmadas por cada uno de sus representantes, anexando dichos acuerdos al presente convenio, para formar parte integrante del mismo.&nbsp;</p><p><strong>“LAS PARTES”</strong> acuerdan someter a mediación en primer lugar cualquier controversia que pueda suscitarse con motivo de la interpretación, ejecución, validez, eficacia o cualquier otra contingencia que se relacione directa o indirectamente con el presente convenio, así como la reparación de los daños y perjuicios que pudieran derivar de su incumplimiento.</p><p>El proceso de mediación se desarrollará en el Instituto de Justicia Alternativa del Estado de Jalisco, así pues, las partes declaran conocer y aceptar considerándolo parte integrante del presente convenio.</p><p>No obstante, al no ser posible lo anterior, se aplicará la legislación civil vigente del Estado de Jalisco, y se sujetaran a los Tribunales del Primer Partido Judicial del Estado de Jalisco; renunciando a la Jurisdicción o Fuero que, por razón de su domicilio actual o futuro, o que, por cualquier otra causa, pudiere corresponderles.</p><p>Previa lectura y con pleno conocimiento de su contenido, se extiende por <strong>triplicado</strong> el presente convenio que de conformidad suscriben las partes en la ciudad de Tequila, Jalisco, el día 13 de mayo 2025, conservando un ejemplar cada una de ellas.</p><p>&nbsp;</p><p>&nbsp;</p><p>&nbsp;</p><p>&nbsp;</p><p>&nbsp;</p><p>&nbsp;</p><p>&nbsp;</p><figure class=\"table\"><table><tbody><tr><td><p><strong>RAZÓN SOCIAL DE LA EMPRESA</strong></p><p><strong>&nbsp;</strong></p><p><strong>&nbsp;</strong></p></td><td>&nbsp;</td><td><strong>EL “TSJ”</strong></td></tr><tr><td><p>NOMBRE COMPLETO DE</p><p>REPRESENTANTE LEGAL</p></td><td>&nbsp;</td><td><p>EDUARDO DANIEL MIRAMONTES GARCÍA</p><p>DIRECTOR DE LA UNIDAD ACADÉMICA TEQIUILA</p></td></tr><tr><td colspan=\"3\"><p><strong>&nbsp;</strong></p><p><strong>&nbsp;</strong></p><p><strong>TESTIGOS</strong></p></td></tr><tr><td><p>&nbsp;</p><p>&nbsp;</p></td><td>&nbsp;</td><td>&nbsp;</td></tr><tr><td><p>NOMBRE</p><p>PUESTO</p></td><td>&nbsp;</td><td><p>&nbsp;DIEGO IVÁN VELEZ SANCHEZ</p><p>JEFA DE DEPARTAMENTO DE PLANEACIÓN Y VINCULACIÓN</p><p>&nbsp;</p></td></tr></tbody></table></figure><p>&nbsp;</p><p>Convenio de Colaboración celebrado entre (“Nombre de la Empresa”) y el Instituto Tecnológico José Mario Molina Pasquel y Henríquez</p>',NULL,'v1.0',1,'Aprobado','Editable','2025-12-08 01:58:47','2025-12-09 19:21:40'),(3,2,2,'<p></p><p>&nbsp;</p><p>&nbsp;</p><p>CONVENIO&nbsp; DE COLABORACIÓN Y VINCULACIÓN QUE CELEBRAN POR UNA PARTE <strong>EL INSTITUTO TECNOLÓGICO JOSÉ MARIO MOLINA PASQUEL Y HENRÍQUEZ</strong> REPRESENTADO EN ESTE ACTO POR <strong>(MTRO. EDUARDO DANIEL MIRAMONTES GARCIA)</strong>, EN SU CARÁCTER DE <strong>(DIRECTOR DE LA UNIDAD ACDÉMICA TEQUILA)</strong>, QUE EN LO SUCESIVO SE DENOMINARÁ COMO EL <strong>“TSJ”</strong>, Y, POR OTRA PARTE, <strong>({{EMPRESA_NOMBRE}})</strong>, REPRESENTADO EN ESTE ACTO POR <strong>({{REPRESENTANTE_NOMBRE}})</strong>, EN SU CARÁCTER DE <strong>(REPRESENTANTE LEGAL DE LA EMPRESA)</strong>, A QUIÉN EN LO SUCESIVO SE LE DENOMINARÁ &nbsp;<strong>({{EMPRESA_NOMBRE}})</strong>, A LOS COMPARECIENTES EN CONJUNTO SE LES DENOMINARÁ COMO <strong>“LAS PARTES”</strong> QUIENES EN ESTE ACTO FORMALIZAN EL PRESENTE CONVENIO Y LO SUJETAN AL TENOR DE LAS SIGUIENTES DECLARACIONES Y CLÁUSULAS:</p><p><strong>&nbsp;</strong></p><p><strong>DECLARACIONES</strong></p><p><strong>&nbsp;</strong></p><p><strong>DECLARACIONES</strong></p><p><strong>&nbsp;I.&nbsp;&nbsp;&nbsp; Declara el “TSJ” por conducto de su representante legal que:</strong></p><p>I.1 Que es un organismo público descentralizado del Gobierno del Estado con personalidad jurídica y patrimonio propio, creado mediante decreto legislativo<strong> 25535/LX/15, del Congreso del Estado de Jalisco </strong>publicado en el periódico oficial El Estado de Jalisco con fecha de <strong>23 de agosto del 2016</strong>, cuya finalidad es la de prestar el servicio de educación superior tecnológica en el Estado de Jalisco.</p><p>I.2 Que tiene como objeto:</p><p>a.&nbsp;&nbsp; Formar profesionales de nivel superior que requiere el desarrollo del Estado de Jalisco y del país;</p><p>b.&nbsp;&nbsp; Realizar labores de investigación científica y tecnológica;</p><p>c.&nbsp;&nbsp; Extender los beneficios de la ciencia y de la tecnología hacia la sociedad;</p><p>d.&nbsp;&nbsp; Promover entre los miembros de su comunidad académica una formación armónica y equilibrada;</p><p>e.&nbsp;&nbsp; Participar en el proceso de creación, conservación, renovación y transmisión de la cultura de la ciencia, la tecnología y la innovación;</p><p>f.&nbsp;&nbsp;&nbsp;&nbsp; Impulsar las capacidades especializadas que requieren las cadenas productivas del ecosistema tecnológico; y</p><p>g.&nbsp;&nbsp; Los demás que señalen las leyes y reglamentos aplicables.</p><p><strong>&nbsp;</strong></p><p>I.3 Que como parte de su estructura y organización cuenta con las siguientes Unidades Académicas: Arandas, Chapala, Cocula, El Grullo, La Huerta, Lagos de Moreno, Mascota, Puerto Vallarta, San Juan de los Lagos, Tala, Tamazula, Tepatitlán de Morelos, Tequila, Tomatlán, Zapopan y Zapotlanejo, quienes son Unidades Académicas distribuidas en el territorio del Estado de Jalisco, a través de las cuales el Instituto realiza sus actividades y cumple con su objeto y fines.</p><p>&nbsp;</p><p>I.4 Mediante acuerdo de fecha 01 de mayo del 2025, el C. Gobernador Constitucional del Estado de Jalisco, Lic. Jesús Pablo Lemus Navarro, designó como Titular de la Dirección General del “INSTITUTO TECNOLÓGICO JOSÉ MARIO MOLINA PASQUEL Y HENRIQUEZ” a la C. Gloria Luz Rodríguez Gil.</p><p>&nbsp;</p><p>I.5 Que de conformidad por los artículos 21, 23 fracción II inciso a) de la Ley de Entidades Paraestatales del Estado de Jalisco; 23, 24 y 26 fracción X de la Ley Orgánica del In</p><p>&nbsp;</p><p>El \"<strong>TSJ</strong>\" comparece por conducto el Director de la Unidad Académica de (Tequila) el <strong>C. (Eduardo Daniel Miramontes García)</strong>, facultado por la Titular de la Dirección General del Instituto, mediante acuerdo ACU/TSJ/003/2025 de fecha 02 de mayo del 2025, para poder suscribir el presente instrumento.</p><p>&nbsp;</p><p>I.6 Que para efectos del presente convenio señala como domicilio para todos los efectos legales el ubicado en la calle Dr. Joel Magallanes Rubio número 501 en la colonia lomas del paraíso, en el municipio de Tequila, Jalisco, Código. Postal. 46400</p><p>&nbsp;</p><p><strong>II.&nbsp;&nbsp;&nbsp;&nbsp;&nbsp;&nbsp;&nbsp; Declara (NOMBRE COMPLETO DE LA EMPRESA) por conducto de su representante, que: {{REPRESENTANTE_NOMBRE}}</strong></p><p><strong>&nbsp;</strong></p><p>II.1.<strong> </strong>II.1<strong> </strong>Es un (empresa, dependencia, entidad, etc.) (fecha de creación) (documento que lo acredita, acta constitutive)</p><p>&nbsp;</p><p>II.2 La sociedad tiene por objeto: todo lo referente de acuerdo a su objeto social</p><p>&nbsp;</p><p>II.3 ({{REPRESENTANTE_NOMBRE}} y {{REPRESENTANTE_CARGO}}) (documentos que acredite su personalidad) (Sustento legal que le dé atribución de suscribir el convenio)</p><p>&nbsp;</p><p>&nbsp;</p><p>II.4 Que para efectos del presente convenio señala como domicilio para todos los efectos legales el ubicado en {{EMPRESA_DIRECCION}}, municipio de {{EMPRESA_MUNICIPIO}}, {{EMPRESA_ESTADO}}, C.P. {{EMPRESA_CP}}.</p><p>&nbsp;</p><p><strong>III.&nbsp;&nbsp;&nbsp;&nbsp;&nbsp;&nbsp;&nbsp; Declaran “LAS PARTES”:</strong></p><p><strong>&nbsp;</strong></p><p>III.1 Que la prestación del Servicio Social, Residencias Profesionales y Educación Dual a que se refiere el presente convenio, es el objeto principal del presente documento, así como de otorgar a <strong>“EL ALUMNADO”</strong> de nivel superior, la oportunidad de cumplir con este requisito, dentro del esquema que permita sentar bases su óptimo desarrollo profesional.</p><p>&nbsp;</p><p>III.2 Que se reconocen recíprocamente la personalidad y capacidad legal con la que comparecen a celebrar el presente convenio y manifiestan estar conforme con lo declarado por cada una de ellas en los capítulos respectivos.</p><p>&nbsp;</p><p>III.3 Estar comprometidos a colaborar juntos para desarrollar las mejoras que requiere el estado y el país.</p><p>&nbsp;</p><p>III.4 Que para el otorgamiento y suscripción del presente instrumento no existe dolo, error, mala fe o cualquier otro vicio de la voluntad que lo pudiera invalidar, por lo que tienen interés en establecer los términos y condiciones que se indican en las siguientes:</p><p>&nbsp;</p><p><strong>CLÁUSULAS</strong></p><p><strong>&nbsp;</strong></p><p><strong>&nbsp;</strong></p><p><strong>PRIMERA. DEL OBJETO.</strong></p><p>El presente convenio tiene por objeto establecer las bases para la coordinación y colaboración entre <strong>“LAS PARTES”</strong> para prestar servicio social, residencias profesionales, desarrollar y reforzar competencias profesionales específicas en un ambiente académico-laboral, en lo sucesivo <strong>“LOS PROGRAMAS Y PROYECTOS”</strong> que contribuyan al mejor logro de los propósitos que cada una persigue, así como desarrollar las habilidades de las personas que cursen educación superior en lo sucesivo <strong>“EL ALUMNADO”</strong> de <strong>(LA UNIDAD ACADEMICA DE TEQUILA)</strong> permita facilitar su incorporación a los sectores, social, productivo y laboral.</p><p>&nbsp;</p><p>El desarrollo de <strong>“LOS PROGRAMAS Y PROYECTOS”</strong> debe ser en primera instancia en beneficio de <strong>“EL ALUMNADO” </strong>y en segunda instancia en beneficio de <strong>“LAS PARTES”, </strong>para lo cual <strong>“EL ALUMNADO” </strong>realizará los reportes pertinentes de las actividades desarrolladas de acuerdo a los objetivos del <strong>“TSJ” </strong>y de <strong>(\"{{EMPRESA_NOMBRE}}”)</strong>.<strong> </strong>firmados por su asesor.</p><p><strong>&nbsp;</strong></p><p><strong>SEGUNDA. DE LOS PROGRAMAS Y PROYECTOS. </strong>Se entenderá para el presente instrumento como los programas y proyectos las acciones siguientes:</p><p>&nbsp;</p><p><strong>&nbsp;&nbsp;&nbsp;&nbsp;&nbsp; I.&nbsp;&nbsp;&nbsp;&nbsp;&nbsp;&nbsp;&nbsp;&nbsp; Prestación de Servicio Social:</strong> Colaborar <strong>“LAS PARTES”</strong> con “<strong>EL ALUMNADO”, </strong>para realizar la actividad formativa y temporal obligatoria para que estos complementen su formación profesional de los conocimientos adquiridos en el programa académico que cursan y asignar actividades para que las puedan llevar a cabo en las instalaciones de <strong>(\"{{EMPRESA_NOMBRE}}”)</strong>., así como cumplir requisitos en los términos de la normatividad vigente.</p><p><strong>&nbsp;&nbsp;&nbsp;&nbsp; II.&nbsp;&nbsp;&nbsp;&nbsp;&nbsp;&nbsp;&nbsp;&nbsp; Residencia Profesional: </strong>Colaborar <strong>“LAS PARTES”</strong> con “<strong>EL ALUMNADO”, </strong>para realizar el desarrollo de proyectos productivos para <strong>(\"NOMBRE DE LA EMPRESA”)</strong>. que sea a fin a su perfil profesional y programa académico que cursan y asignar actividades para las puedan llevar a cabo en las instalaciones de <strong>(\"NOMBRE DE LA EMPRESA”)</strong>. para desarrollar habilidades y capacidades, así como cumplir requisitos en los términos de la normatividad vigente.</p><p><strong>&nbsp;&nbsp; III.&nbsp;&nbsp;&nbsp;&nbsp;&nbsp;&nbsp;&nbsp;&nbsp; Modalidad Educación Dual: </strong>Colaborar <strong>“LAS PARTES”</strong> en sus respectivos ámbitos de competencia con “<strong>EL ALUMNADO”, </strong>para construir, desarrollar, reforzar la teoría y la práctica de sus habilidades profesionales con un ambiente académico-laboral en <strong>(\"NOMBRE DE LA EMPRESA”)</strong>.</p><p><strong>&nbsp;</strong></p><p><strong>TERCERA. DE LOS COMPROMISOS. </strong>Para la realización del objeto del presente instrumento,<strong> “LAS PARTES” </strong>se comprometen a:</p><p><strong>&nbsp;</strong></p><p>a)&nbsp;&nbsp;&nbsp; Permitir al personal el acceso a sus instalaciones, y facilitar el uso de equipos, instrumentos y fuentes de información de acuerdo a su disponibilidad y condiciones de la operación para cumplir con el objeto del presente convenio.</p><p>&nbsp;</p><p>b)&nbsp;&nbsp;&nbsp; Coordinar la colaboración necesaria para el desarrollo de las acciones derivadas del presente convenio.</p><p>&nbsp;</p><p>c)&nbsp;&nbsp;&nbsp;&nbsp; Desarrollar <strong>“LOS PROGRAMAS Y PROYECTOS”</strong> encaminados a la innovación y desarrollo tecnológico de manera conjunta para contribuir a la solución de problemas regionales, y proporcionar servicios tecnológicos y/o trabajos técnicos especializados de acuerdo a las necesidades y requerimientos de la región.</p><p>&nbsp;</p><p>d)&nbsp;&nbsp;&nbsp; En medida de sus posibilidades se podrán donar equipo para la realización de prácticas escolares, uso en oficinas o cualquier índole que sea en beneficio de la institución.</p><p>&nbsp;</p><p><strong>CUARTA. </strong>Para efectos del presente instrumento, <strong>“LAS PARTES”</strong> se obligan a:</p><p>&nbsp;</p><p><strong>&nbsp;&nbsp;&nbsp;&nbsp;&nbsp; I.&nbsp;&nbsp;&nbsp;&nbsp;&nbsp;&nbsp;&nbsp;&nbsp; POR PARTE DE</strong> <strong>(\"{{EMPRESA_NOMBRE}}”)</strong>.</p><p>&nbsp;</p><p><strong>a)&nbsp;&nbsp;&nbsp; </strong>Dar de conocimiento a <strong>“EL ALUMNADO”</strong> la normatividad de <strong>(\"{{EMPRESA_NOMBRE}}”)</strong>.</p><p><strong>b)&nbsp;&nbsp;&nbsp; </strong>Garantizar trato digno de “<strong>EL ALUMNADO”.</strong></p><p><strong>c)&nbsp;&nbsp;&nbsp; </strong>Asignar áreas específicas, equipo e infraestructura, para el desarrollo de las actividades de <strong>“LOS PROGRAMAS Y PROYECTOS”</strong>.</p><p><strong>d)&nbsp;&nbsp;&nbsp; </strong>Apoyar las actividades de enseñanza- aprendizaje de <strong>“EL ALUMNADO” </strong>de acuerdo al programa educativo del <strong>“TSJ”</strong> y al programa operativo de <strong>(\"{{EMPRESA_NOMBRE}}”)</strong>.</p><p><strong>e)&nbsp;&nbsp;&nbsp; </strong>Ofertar el número de plazas para <strong>“LOS PROGRAMAS Y PROYECTOS”</strong> de acuerdo al cupo de <strong>“EL ALUMNADO”</strong> y la afluencia de actividades de planeación, operación y supervisión de <strong>(\"NOMBRE DE LA EMPRESA”)</strong>.</p><p><strong>f)&nbsp;&nbsp;&nbsp;&nbsp;&nbsp; </strong>Proporcionar carta de aceptación a <strong>“EL ALUMNADO”</strong> del <strong>“TSJ”</strong> que realice trámites para realizar <strong>“LOS PROGRAMAS Y PROYECTOS”</strong>.</p><p><strong>g)&nbsp;&nbsp;&nbsp; </strong>Aceptar que el personal docente específico asignado, supervise <strong>“LOS PROGRAMAS Y PROYECTOS”</strong> de <strong>“EL ALUMNADO”.</strong></p><p><strong>h)&nbsp;&nbsp;&nbsp; </strong>Supervisar, evaluar y firmar los reportes que presenten <strong>“EL ALUMNADO” </strong>respecto de las actividades realizadas para desarrollo de <strong>“LOS PROGRAMAS Y PROYECTOS” </strong>cuando se requiera.</p><p><strong>i)&nbsp;&nbsp;&nbsp;&nbsp;&nbsp; </strong>Presentar semestralmente por escrito al <strong>“TSJ”</strong> un informe sobre el desarrollo de <strong>“LOS PROGRAMAS Y PROYECTOS” </strong>de <strong>“EL ALUMNADO” </strong>cuando se requiera.</p><p><strong>j)&nbsp;&nbsp;&nbsp;&nbsp;&nbsp; </strong>Dictar las disposiciones correspondientes para brindar las facilidades administrativas necesarias para alcanzar los objetivos descritos con anterioridad.</p><p><strong>k)&nbsp;&nbsp;&nbsp; </strong>Garantizar a <strong>“EL ALUMNADO”</strong> la seguridad dentro de sus instalaciones y en caso de ser necesario proporcionar un seguro de gastos médicos cuando los riesgos, sean mayores a las labores propias del trabajo de <strong>“LOS PROGRAMAS Y PROYECTOS” </strong>encomendadas por el <strong>(\"NOMBRE DE LA EMPRESA”)</strong>.</p><p><strong>l)&nbsp;&nbsp;&nbsp;&nbsp;&nbsp; </strong>Garantizar confidencialidad a los proyectos desarrollados para el <strong>“TSJ”</strong>.</p><p><strong>m)&nbsp;&nbsp; </strong>Respetar la normatividad del <strong>“TSJ”</strong>.</p><p>&nbsp;</p><p><strong>&nbsp;&nbsp;&nbsp;&nbsp; II.&nbsp;&nbsp;&nbsp;&nbsp;&nbsp;&nbsp;&nbsp;&nbsp; POR PARTE DEL “TSJ”:</strong></p><p>&nbsp;</p><p><strong>a)&nbsp;&nbsp;&nbsp; </strong>Informar y acompañar a <strong>“EL ALUMNADO”</strong> previo, durante y posterior al proceso para realizar <strong>“LOS PROGRAMAS Y PROYECTOS” </strong>de conformidad con la normatividad aplicable.</p><p><strong>b)&nbsp;&nbsp;&nbsp; </strong>Proporcionar a <strong>“EL ALUMNADO”</strong> el Seguro Facultativo por escrito, mismo que será presentado a <strong>(\"{{EMPRESA_NOMBRE}}”)</strong>.</p><p><strong>c)&nbsp;&nbsp;&nbsp; </strong>Proporcionar a <strong>(\"{{EMPRESA_NOMBRE}}”)</strong>.<strong> </strong>la información que requiera para la operación de <strong>“LOS PROGRAMAS Y PROYECTOS”,</strong> así como también facilitar el uso de equipamiento e infraestructura física.</p><p><strong>d)&nbsp;&nbsp;&nbsp; </strong>Aceptar la participación de <strong>(\"NOMBRE DE LA EMPRESA”)</strong>.<strong> </strong>en la formulación del plan de actividades de prácticas de campo y profesionales.</p><p><strong>e)&nbsp;&nbsp;&nbsp; </strong>Revisar y actualizar anualmente los planes de actividades académicas de las prácticas.</p><p><strong>f)&nbsp;&nbsp;&nbsp;&nbsp;&nbsp; </strong>Contratar por su cuenta al docente o docentes, responsables del campo práctico, eximiendo desde luego <strong>(\"{{EMPRESA_NOMBRE}}”)</strong>.de cualquier responsabilidad laboral, fiscal y de seguridad social que al respecto pudiera existir en relación con <strong>“EL ALUMNADO” </strong>y con el profesorado del campo práctico.</p><p><strong>g)&nbsp;&nbsp;&nbsp; </strong>Expedir la documentación necesaria a <strong>“EL ALUMNADO” </strong>para llevar a cabo el desarrollo de <strong>“LOS PROGRAMAS Y PROYECTOS”.</strong></p><p><strong>h)&nbsp;&nbsp;&nbsp; </strong>Supervisar y evaluar el rendimiento educativo de <strong>“EL ALUMNADO” </strong>basándose en la instrumentación que <strong>“LAS PARTES”</strong> determinen.</p><p><strong>i)&nbsp;&nbsp;&nbsp;&nbsp;&nbsp; </strong>Aceptar que <strong>“EL ALUMNADO”</strong> que cometan alguna falta a la reglamentación interior de <strong>(\"{{EMPRESA_NOMBRE}}”)</strong>. durante su permanencia en las instalaciones, se harán acreedores a la aplicación de medidas disciplinarías correspondientes, las cuales serán impuestas por la misma en coordinación con el <strong>“TSJ”</strong>.</p><p><strong>j)&nbsp;&nbsp;&nbsp;&nbsp;&nbsp; </strong>Ofrecer confidencialidad a los proyectos desarrollados para <strong>(\"{{EMPRESA_NOMBRE}}”)</strong>.</p><p><strong>k)&nbsp;&nbsp;&nbsp; </strong>Respetar la normatividad de <strong>(\"{{EMPRESA_NOMBRE}}”)</strong>.</p><p>&nbsp;</p><p><strong>QUINTA.</strong> <strong>ENCARGADOS DEL SEGUIMIENTO. “LAS PARTES”</strong> convienen en designar para la realización cumplimiento, ejecución y consecución del objeto y compromisos acodados en el presente convenio a los siguientes encargados:</p><p>&nbsp;</p><p>&nbsp;&nbsp;&nbsp;&nbsp;&nbsp; I.&nbsp;&nbsp;&nbsp;&nbsp;&nbsp;&nbsp;&nbsp;&nbsp; Por <strong>(\"{{EMPRESA_NOMBRE}}”)</strong> a la C. NOMBRE COMPLETO DE LA PERSONA QUE DARÁ SEGUIMIENTO A CONVENIO señalando como vía de comunicación el número de teléfono y cuenta de correo electrónico</p><p>&nbsp;</p><p>&nbsp;&nbsp;&nbsp;&nbsp; II.&nbsp;&nbsp;&nbsp;&nbsp;&nbsp;&nbsp;&nbsp;&nbsp; Por el <strong>“TSJ</strong>” a la jefatura de Planeación y Vinculación señalando como vía de comunicación 3747427288 Extensión # 6021 correo electrónico institucional, diego.velez@tequila.tecmm.edu.mx</p><p>&nbsp;</p><p><strong>SEXTA. RELACIONES LABORALES. “LAS PARTES”</strong> acuerdan que el personal asignado por cada una de ellas para la realización del presente convenio, así como <strong>“LOS PROGRAMAS Y PROYECTOS”</strong> que de éste deriven se entenderá relacionado exclusivamente con aquella que lo empleó. Por ende, cada una de ellas asumirá su responsabilidad por este concepto y en ningún caso el cumplimiento del objeto del presente acuerdo implicará relación laboral, obligación o compromiso alguno en este orden, por lo que no podrán ser considerados como patrones solidarios o sustitutos, asimismo por ser un instrumento de buena fe, no existe remuneración entre <strong>“LAS PARTES”</strong>.</p><p><strong>&nbsp;</strong></p><p><strong>“LAS</strong> <strong>PARTES”</strong> se comprometen a no intervenir en asuntos laborales y/o sindicales, ni en aquellos que competan a la operación particular de cada parte y sus trabajadores.</p><p><strong>&nbsp;</strong></p><p>Estas mismas disposiciones según corresponda serán aplicables a docentes o personal del instituto que efectúe <strong>“LOS PROGRAMAS Y PROYECTOS”.</strong></p><p><strong>&nbsp;</strong></p><p><strong>SÉPTIMA. RESPONSABILIDAD CIVIL. </strong>Queda expresamente pactado que <strong>“LAS PARTES”</strong> no tendrán responsabilidad civil por los daños y perjuicios que pudieran causarse como consecuencia de caso fortuito o fuerza mayor, particularmente por el paro de labores académicas o administrativas, en virtud de lo cual pudieran encontrarse impedidas para cumplir oportunamente con los compromisos derivados del objeto y alcances de este convenio.</p><p>&nbsp;</p><p>En caso de interrupción de actividades por esta causa, <strong>“LAS</strong> <strong>PARTES”</strong> se comprometen a reiniciar sus actividades inmediatamente después de que las causas de fuerza mayor hayan desaparecido en la forma y términos que las mismas determinen.</p><p><strong>&nbsp;</strong></p><p><strong>OCTAVA. CONFIDENCIALIDAD Y RESERVA DE LA INFORMACIÓN </strong>Toda la información, documentación o los datos que <strong>“LAS PARTES”</strong> generen, se entreguen o divulguen por cualquier medio y con motivo del presente convenio, será considerada por <strong>“LAS PARTES”</strong> como Información Pública, a excepción de&nbsp; aquella información o datos que contenga información confidencial, reservada, se haya clasificado o identificado por cualquiera de las partes al momento de la entrega, con la leyenda de “Información Confidencial”, está protegida por derechos de autor y/o propiedad intelectual ésta deberá de ser preservada en confidencialidad, y en consecuencia no podrá ser duplicada, reproducida, divulgada, enajenada o transferida a ningún tercero, sin previa autorización por escrito de la parte que haya entregado la información conforme a la Ley General de Transparencia y Acceso a la Información Pública, Ley General de Protección de Datos Personales en Posesión de Sujetos Obligados, así como sus símiles en el Estado de Jalisco además de cualquier otra normatividad en la materia, para con esto garantizar los derechos humanos de Acceso a la Información, Transparencia y Protección de Datos personales.</p><p>&nbsp;</p><p><strong>“LAS PARTES”</strong> manifiestan tener conocimiento de que están sujetas a las disposiciones contenidas en la legislación en materia de acceso a la información pública, así como a la específica en protección de datos personales en posesión de sujetos obligados, y que cuentan con diversas obligaciones para el cumplimiento de dichas normatividades, entre las que destacan la publicación de convenios, contratos y demás instrumentos jurídicos que celebren.</p><p>&nbsp;</p><p>En este contexto, <strong>“LAS PARTES”</strong> manifiestan su consentimiento expreso para que al presente convenio se le dé la publicidad que la legislación invocada disponga, en las formas que la misma determine. Así mismo <strong>(\"TEQUILA LOS ABUELOS SA DE CV”)</strong> se obliga a entregar a el <strong>“TSJ”</strong> la información o documentación que le sea solicitada con motivo de la ejecución del presente convenio.</p><p>&nbsp;</p><p>Cualquier información y/o documentación que <strong>“LAS PARTES”</strong>, se transfieran, se proporcionen o revelen, incluyendo información de carácter técnica, estratégica, estadística, y/o comercial, no deberá usarse dicha información para cualquier otro propósito distinto que no sea para el cumplimiento de las obligaciones pactadas en el presente convenio, absteniéndose de divulgar dicha información por cualquier medio como lo son, en forma enunciativa más no limitativa, las publicaciones, conferencias, o bien proporcionarse a cualquier tercero sin el consentimiento previo y por escrito de <strong>“LAS PARTES”.</strong></p><p>&nbsp;</p><p>Así mismo tanto <strong>(\"TEQUILA LOS ABUELOS SA DE CV”)</strong>&nbsp; como su personal deberán mantener estricta confidencialidad sobre la información que llegasen a tener conocimiento ya sea porque fue proporcionada por el <strong>“TSJ”</strong> o aquella que resulte de las funciones objeto de este convenio, asegurándose de no revelar a terceros ninguna información o datos respecto al objeto señalado en la <strong>CLÁUSULA</strong> <strong>PRIMERA</strong> del presente convenio so-pena de recibir las sanciones tanto económicas como legales correspondientes, salvo la información que le sea requerida por ser sujeto obligado a la legislación en materia de acceso a la información.</p><p><strong>NOVENA.</strong> <strong>DE LA PROPIEDAD PATRIMONIAL E INTELECTUAL.</strong> Los derechos de propiedad intelectual que pudieran surgir con motivos de las actividades desarrolladas y derivadas del objeto del presente instrumento, (publicaciones de diversas categorías, artículos, folletos, entre otros; así como las coproducciones y su difusión), estarán sujetos a las disposiciones legales aplicables y a los convenios específicos de colaboración que sobre el particular suscriban <strong>“LAS PARTES”</strong>, otorgando el reconocimiento correspondiente a quienes hayan intervenido en la ejecución de dichas actividades.</p><p><strong>DÉCIMA. VIGENCIA. </strong>Se establece que la vigencia del presente instrumento surtirá sus efectos a partir de la fecha de su última firma, su duración será hasta el término de la presente administración constitucional estatal y <strong>“LAS PARTES”</strong> podrán de común acuerdo realizar convenios específicos y en todo tiempo modificar el contenido del convenio o darlo por terminado de manera anticipada sin necesidad de resolución judicial, toda vez que no se lleven a cabo los trabajos y objetivos en este convenio de colaboración, notificando mediante aviso por escrito a la otra parte con por lo menos treinta días de anticipación.</p><p>No obstante, lo anterior, la terminación anticipada o de la vigencia del presente convenio, no afectara a <strong>“EL ALUMNADO”</strong> que se encuentren llevando a cabo <strong>“LOS PROGRAMAS Y PROYECTOS”</strong> en las instalaciones de <strong>(\"TEQUILA LOS ABUELOS SA DE CV”)</strong>, por lo tanto, en ese supuesto, se cumplirán todas las obligaciones derivadas de este instrumento hasta que <strong>“EL ALUMNADO”</strong> que se encuentren realizando su servicio social o residencias profesionales lo concluyan.</p><p><strong>DÉCIMA PRIMERA. CESIÓN DE DERECHOS Y OBLIGACIONES. </strong>Ninguna de <strong>“LAS PARTES”</strong> podrá ceder o transferir los derechos y obligaciones derivadas del presente convenio.</p><p><strong>DÉCIMA SEGUNDA.&nbsp; NO TRANSFERENCIA DE FONDOS.&nbsp; </strong>Este convenio de colaboración y vinculación no obliga a ninguna de <strong>“LAS PARTES”</strong> a proporcionar financiamiento de cualquier tipo a la otra, incluyendo apoyo de personal o para la recaudación de fondos. Cualquier transferencia de recursos entre <strong>“LAS PARTES”</strong>, será objeto de un convenio independiente, con inclusión de cláusulas y otras condiciones según el procedimiento interno de cada parte y será debidamente firmado por las mismas.</p><p><strong>DÉCIMA TERCERA. DE LA FORMA DE RESOLVER LAS CONTROVERSIAS.&nbsp; “LAS PARTES” </strong>manifiestan que la firma de este convenio y los compromisos contraído en él, son producto de su buena fe, por lo que realizan todas las acciones necesarias para su debido cumplimiento; en caso de presentarse alguna diferencia con motivo de la interpretación, cumplimiento o ejecución, o asuntos que no se encuentren expresamente previstos en el presente convenio, <strong>“LAS PARTES” </strong>lo resolverán por mutuo acuerdo, en el entendido de que las decisiones que se tomen deberán hacerse por escrito y estarán firmadas por cada uno de sus representantes, anexando dichos acuerdos al presente convenio, para formar parte integrante del mismo.&nbsp;</p><p><strong>“LAS PARTES”</strong> acuerdan someter a mediación en primer lugar cualquier controversia que pueda suscitarse con motivo de la interpretación, ejecución, validez, eficacia o cualquier otra contingencia que se relacione directa o indirectamente con el presente convenio, así como la reparación de los daños y perjuicios que pudieran derivar de su incumplimiento.</p><p>El proceso de mediación se desarrollará en el Instituto de Justicia Alternativa del Estado de Jalisco, así pues, las partes declaran conocer y aceptar considerándolo parte integrante del presente convenio.</p><p>No obstante, al no ser posible lo anterior, se aplicará la legislación civil vigente del Estado de Jalisco, y se sujetaran a los Tribunales del Primer Partido Judicial del Estado de Jalisco; renunciando a la Jurisdicción o Fuero que, por razón de su domicilio actual o futuro, o que, por cualquier otra causa, pudiere corresponderles.</p><p>Previa lectura y con pleno conocimiento de su contenido, se extiende por <strong>triplicado</strong> el presente convenio que de conformidad suscriben las partes en la ciudad de Tequila, Jalisco, el día 13 de mayo 2025, conservando un ejemplar cada una de ellas.</p><p>&nbsp;</p><p>&nbsp;</p><p>&nbsp;</p><p>&nbsp;</p><p>&nbsp;</p><p>&nbsp;</p><p>&nbsp;</p><figure class=\"table\"><table><tbody><tr><td><p><strong>RAZÓN SOCIAL DE LA EMPRESA</strong></p><p><strong>&nbsp;</strong></p><p><strong>&nbsp;</strong></p></td><td><strong>&nbsp;</strong></td><td><strong>EL “TSJ”</strong></td></tr><tr><td><p>NOMBRE COMPLETO DE</p><p>REPRESENTANTE LEGAL</p></td><td>&nbsp;</td><td><p>EDUARDO DANIEL MIRAMONTES GARCÍA</p><p>DIRECTOR DE LA UNIDAD ACADÉMICA TEQIUILA</p></td></tr><tr><td colspan=\"3\"><p><strong>&nbsp;</strong></p><p><strong>&nbsp;</strong></p><p><strong>TESTIGOS</strong></p></td></tr><tr><td><p>&nbsp;</p><p>&nbsp;</p></td><td>&nbsp;</td><td>&nbsp;</td></tr><tr><td><p>NOMBRE</p><p>PUESTO</p></td><td>&nbsp;</td><td><p>&nbsp;DIEGO IVÁN VELEZ SANCHEZ</p><p>JEFA DE DEPARTAMENTO DE PLANEACIÓN Y VINCULACIÓN</p><p>&nbsp;</p></td></tr></tbody></table></figure><p>&nbsp;</p><p>Convenio de Colaboración celebrado entre (“{{EMPRESA_NOMBRE}}”) y el Instituto Tecnológico José Mario Molina Pasquel y Henríquez</p>',NULL,'v1.0',0,'En revisión','Editable','2025-12-08 07:44:35','2025-12-08 07:44:35'),(4,3,2,'<p>&nbsp;</p><p>&nbsp;</p><p>&nbsp;</p><p>CONVENIO&nbsp; DE COLABORACIÓN Y VINCULACIÓN QUE CELEBRAN POR UNA PARTE <strong>EL INSTITUTO TECNOLÓGICO JOSÉ MARIO MOLINA PASQUEL Y HENRÍQUEZ</strong> REPRESENTADO EN ESTE ACTO POR <strong>(MTRO. EDUARDO DANIEL MIRAMONTES GARCIA)</strong>, EN SU CARÁCTER DE <strong>(DIRECTOR DE LA UNIDAD ACDÉMICA TEQUILA)</strong>, QUE EN LO SUCESIVO SE DENOMINARÁ COMO EL <strong>“TSJ”</strong>, Y, POR OTRA PARTE, <strong>(HECTOR SYSTEMAS INC)</strong>, REPRESENTADO EN ESTE ACTO POR <strong>(MAnuel Manuel)</strong>, EN SU CARÁCTER DE <strong>(REPRESENTANTE LEGAL DE LA EMPRESA)</strong>, A QUIÉN EN LO SUCESIVO SE LE DENOMINARÁ &nbsp;<strong>(HECTOR SYSTEMAS INC)</strong>, A LOS COMPARECIENTES EN CONJUNTO SE LES DENOMINARÁ COMO <strong>“LAS PARTES”</strong> QUIENES EN ESTE ACTO FORMALIZAN EL PRESENTE CONVENIO Y LO SUJETAN AL TENOR DE LAS SIGUIENTES DECLARACIONES Y CLÁUSULAS:</p><p><strong>&nbsp;</strong></p><p><strong>DECLARACIONES</strong></p><p><strong>&nbsp;</strong></p><p><strong>DECLARACIONES</strong></p><p><strong>&nbsp;I.&nbsp;&nbsp;&nbsp; Declara el “TSJ” por conducto de su representante legal que:</strong></p><p>I.1 Que es un organismo público descentralizado del Gobierno del Estado con personalidad jurídica y patrimonio propio, creado mediante decreto legislativo<strong> 25535/LX/15, del Congreso del Estado de Jalisco </strong>publicado en el periódico oficial El Estado de Jalisco con fecha de <strong>23 de agosto del 2016</strong>, cuya finalidad es la de prestar el servicio de educación superior tecnológica en el Estado de Jalisco.</p><p>I.2 Que tiene como objeto:</p><p>a.&nbsp;&nbsp; Formar profesionales de nivel superior que requiere el desarrollo del Estado de Jalisco y del país;</p><p>b.&nbsp;&nbsp; Realizar labores de investigación científica y tecnológica;</p><p>c.&nbsp;&nbsp; Extender los beneficios de la ciencia y de la tecnología hacia la sociedad;</p><p>d.&nbsp;&nbsp; Promover entre los miembros de su comunidad académica una formación armónica y equilibrada;</p><p>e.&nbsp;&nbsp; Participar en el proceso de creación, conservación, renovación y transmisión de la cultura de la ciencia, la tecnología y la innovación;</p><p>f.&nbsp;&nbsp;&nbsp;&nbsp; Impulsar las capacidades especializadas que requieren las cadenas productivas del ecosistema tecnológico; y</p><p>g.&nbsp;&nbsp; Los demás que señalen las leyes y reglamentos aplicables.</p><p><strong>&nbsp;</strong></p><p>I.3 Que como parte de su estructura y organización cuenta con las siguientes Unidades Académicas: Arandas, Chapala, Cocula, El Grullo, La Huerta, Lagos de Moreno, Mascota, Puerto Vallarta, San Juan de los Lagos, Tala, Tamazula, Tepatitlán de Morelos, Tequila, Tomatlán, Zapopan y Zapotlanejo, quienes son Unidades Académicas distribuidas en el territorio del Estado de Jalisco, a través de las cuales el Instituto realiza sus actividades y cumple con su objeto y fines.</p><p>&nbsp;</p><p>I.4 Mediante acuerdo de fecha 01 de mayo del 2025, el C. Gobernador Constitucional del Estado de Jalisco, Lic. Jesús Pablo Lemus Navarro, designó como Titular de la Dirección General del “INSTITUTO TECNOLÓGICO JOSÉ MARIO MOLINA PASQUEL Y HENRIQUEZ” a la C. Gloria Luz Rodríguez Gil.</p><p>&nbsp;</p><p>I.5 Que de conformidad por los artículos 21, 23 fracción II inciso a) de la Ley de Entidades Paraestatales del Estado de Jalisco; 23, 24 y 26 fracción X de la Ley Orgánica del In</p><p>&nbsp;</p><p>El \"<strong>TSJ</strong>\" comparece por conducto el Director de la Unidad Académica de (Tequila) el <strong>C. (Eduardo Daniel Miramontes García)</strong>, facultado por la Titular de la Dirección General del Instituto, mediante acuerdo ACU/TSJ/003/2025 de fecha 02 de mayo del 2025, para poder suscribir el presente instrumento.</p><p>&nbsp;</p><p>I.6 Que para efectos del presente convenio señala como domicilio para todos los efectos legales el ubicado en la calle Dr. Joel Magallanes Rubio número 501 en la colonia lomas del paraíso, en el municipio de Tequila, Jalisco, Código. Postal. 46400</p><p>&nbsp;</p><p><strong>II.&nbsp;&nbsp;&nbsp;&nbsp;&nbsp;&nbsp;&nbsp; Declara (NOMBRE COMPLETO DE LA EMPRESA) por conducto de su representante, que: MAnuel Manuel</strong></p><p><strong>&nbsp;</strong></p><p>II.1.<strong> </strong>II.1<strong> </strong>Es un (empresa, dependencia, entidad, etc.) (fecha de creación) (documento que lo acredita, acta constitutive)</p><p>&nbsp;</p><p>II.2 La sociedad tiene por objeto: todo lo referente de acuerdo a su objeto social</p><p>&nbsp;</p><p>II.3 (MAnuel Manuel y SONY) (documentos que acredite su personalidad) (Sustento legal que le dé atribución de suscribir el convenio)</p><p>&nbsp;</p><p>&nbsp;</p><p>II.4 Que para efectos del presente convenio señala como domicilio para todos los efectos legales el ubicado en CalleTest3, municipio de testtequila, TESTestado, C.P. 40209.</p><p>&nbsp;</p><p><strong>III.&nbsp;&nbsp;&nbsp;&nbsp;&nbsp;&nbsp;&nbsp; Declaran “LAS PARTES”:</strong></p><p><strong>&nbsp;</strong></p><p>III.1 Que la prestación del Servicio Social, Residencias Profesionales y Educación Dual a que se refiere el presente convenio, es el objeto principal del presente documento, así como de otorgar a <strong>“EL ALUMNADO”</strong> de nivel superior, la oportunidad de cumplir con este requisito, dentro del esquema que permita sentar bases su óptimo desarrollo profesional.</p><p>&nbsp;</p><p>III.2 Que se reconocen recíprocamente la personalidad y capacidad legal con la que comparecen a celebrar el presente convenio y manifiestan estar conforme con lo declarado por cada una de ellas en los capítulos respectivos.</p><p>&nbsp;</p><p>III.3 Estar comprometidos a colaborar juntos para desarrollar las mejoras que requiere el estado y el país.</p><p>&nbsp;</p><p>III.4 Que para el otorgamiento y suscripción del presente instrumento no existe dolo, error, mala fe o cualquier otro vicio de la voluntad que lo pudiera invalidar, por lo que tienen interés en establecer los términos y condiciones que se indican en las siguientes:</p><p>&nbsp;</p><p><strong>CLÁUSULAS</strong></p><p><strong>&nbsp;</strong></p><p><strong>&nbsp;</strong></p><p><strong>PRIMERA. DEL OBJETO.</strong></p><p>El presente convenio tiene por objeto establecer las bases para la coordinación y colaboración entre <strong>“LAS PARTES”</strong> para prestar servicio social, residencias profesionales, desarrollar y reforzar competencias profesionales específicas en un ambiente académico-laboral, en lo sucesivo <strong>“LOS PROGRAMAS Y PROYECTOS”</strong> que contribuyan al mejor logro de los propósitos que cada una persigue, así como desarrollar las habilidades de las personas que cursen educación superior en lo sucesivo <strong>“EL ALUMNADO”</strong> de <strong>(LA UNIDAD ACADEMICA DE TEQUILA)</strong> permita facilitar su incorporación a los sectores, social, productivo y laboral.</p><p>&nbsp;</p><p>El desarrollo de <strong>“LOS PROGRAMAS Y PROYECTOS”</strong> debe ser en primera instancia en beneficio de <strong>“EL ALUMNADO” </strong>y en segunda instancia en beneficio de <strong>“LAS PARTES”, </strong>para lo cual <strong>“EL ALUMNADO” </strong>realizará los reportes pertinentes de las actividades desarrolladas de acuerdo a los objetivos del <strong>“TSJ” </strong>y de <strong>(\"HECTOR SYSTEMAS INC”)</strong>.<strong> </strong>firmados por su asesor.</p><p><strong>&nbsp;</strong></p><p><strong>SEGUNDA. DE LOS PROGRAMAS Y PROYECTOS. </strong>Se entenderá para el presente instrumento como los programas y proyectos las acciones siguientes:</p><p>&nbsp;</p><p><strong>&nbsp;&nbsp;&nbsp;&nbsp;&nbsp; I.&nbsp;&nbsp;&nbsp;&nbsp;&nbsp;&nbsp;&nbsp;&nbsp; Prestación de Servicio Social:</strong> Colaborar <strong>“LAS PARTES”</strong> con “<strong>EL ALUMNADO”, </strong>para realizar la actividad formativa y temporal obligatoria para que estos complementen su formación profesional de los conocimientos adquiridos en el programa académico que cursan y asignar actividades para que las puedan llevar a cabo en las instalaciones de <strong>(\"HECTOR SYSTEMAS INC”)</strong>., así como cumplir requisitos en los términos de la normatividad vigente.</p><p><strong>&nbsp;&nbsp;&nbsp;&nbsp; II.&nbsp;&nbsp;&nbsp;&nbsp;&nbsp;&nbsp;&nbsp;&nbsp; Residencia Profesional: </strong>Colaborar <strong>“LAS PARTES”</strong> con “<strong>EL ALUMNADO”, </strong>para realizar el desarrollo de proyectos productivos para <strong>(\"HECTOR SYSTEMAS INC”)</strong>. que sea a fin a su perfil profesional y programa académico que cursan y asignar actividades para las puedan llevar a cabo en las instalaciones de <strong>(HECTOR SYSTEMAS INC)</strong>. para desarrollar habilidades y capacidades, así como cumplir requisitos en los términos de la normatividad vigente.</p><p><strong>&nbsp;&nbsp; III.&nbsp;&nbsp;&nbsp;&nbsp;&nbsp;&nbsp;&nbsp;&nbsp; Modalidad Educación Dual: </strong>Colaborar <strong>“LAS PARTES”</strong> en sus respectivos ámbitos de competencia con “<strong>EL ALUMNADO”, </strong>para construir, desarrollar, reforzar la teoría y la práctica de sus habilidades profesionales con un ambiente académico-laboral en <strong>(HECTOR SYSTEMAS INC)</strong>.</p><p><strong>&nbsp;</strong></p><p><strong>TERCERA. DE LOS COMPROMISOS. </strong>Para la realización del objeto del presente instrumento,<strong> “LAS PARTES” </strong>se comprometen a:</p><p><strong>&nbsp;</strong></p><p>a)&nbsp;&nbsp;&nbsp; Permitir al personal el acceso a sus instalaciones, y facilitar el uso de equipos, instrumentos y fuentes de información de acuerdo a su disponibilidad y condiciones de la operación para cumplir con el objeto del presente convenio.</p><p>&nbsp;</p><p>b)&nbsp;&nbsp;&nbsp; Coordinar la colaboración necesaria para el desarrollo de las acciones derivadas del presente convenio.</p><p>&nbsp;</p><p>c)&nbsp;&nbsp;&nbsp;&nbsp; Desarrollar <strong>“LOS PROGRAMAS Y PROYECTOS”</strong> encaminados a la innovación y desarrollo tecnológico de manera conjunta para contribuir a la solución de problemas regionales, y proporcionar servicios tecnológicos y/o trabajos técnicos especializados de acuerdo a las necesidades y requerimientos de la región.</p><p>&nbsp;</p><p>d)&nbsp;&nbsp;&nbsp; En medida de sus posibilidades se podrán donar equipo para la realización de prácticas escolares, uso en oficinas o cualquier índole que sea en beneficio de la institución.</p><p>&nbsp;</p><p><strong>CUARTA. </strong>Para efectos del presente instrumento, <strong>“LAS PARTES”</strong> se obligan a:</p><p>&nbsp;</p><p><strong>&nbsp;&nbsp;&nbsp;&nbsp;&nbsp; I.&nbsp;&nbsp;&nbsp;&nbsp;&nbsp;&nbsp;&nbsp;&nbsp; POR PARTE DE</strong> <strong>(\"HECTOR SYSTEMAS INC”)</strong>.</p><p>&nbsp;</p><p><strong>a)&nbsp;&nbsp;&nbsp; </strong>Dar de conocimiento a <strong>“EL ALUMNADO”</strong> la normatividad de <strong>(\"HECTOR SYSTEMAS INC”)</strong>.</p><p><strong>b)&nbsp;&nbsp;&nbsp; </strong>Garantizar trato digno de “<strong>EL ALUMNADO”.</strong></p><p><strong>c)&nbsp;&nbsp;&nbsp; </strong>Asignar áreas específicas, equipo e infraestructura, para el desarrollo de las actividades de <strong>“LOS PROGRAMAS Y PROYECTOS”</strong>.</p><p><strong>d)&nbsp;&nbsp;&nbsp; </strong>Apoyar las actividades de enseñanza- aprendizaje de <strong>“EL ALUMNADO” </strong>de acuerdo al programa educativo del <strong>“TSJ”</strong> y al programa operativo de <strong>(\"HECTOR SYSTEMAS INC”)</strong>.</p><p><strong>e)&nbsp;&nbsp;&nbsp; </strong>Ofertar el número de plazas para <strong>“LOS PROGRAMAS Y PROYECTOS”</strong> de acuerdo al cupo de <strong>“EL ALUMNADO”</strong> y la afluencia de actividades de planeación, operación y supervisión de <strong>(HECTOR SYSTEMAS INC)</strong>.</p><p><strong>f)&nbsp;&nbsp;&nbsp;&nbsp;&nbsp; </strong>Proporcionar carta de aceptación a <strong>“EL ALUMNADO”</strong> del <strong>“TSJ”</strong> que realice trámites para realizar <strong>“LOS PROGRAMAS Y PROYECTOS”</strong>.</p><p><strong>g)&nbsp;&nbsp;&nbsp; </strong>Aceptar que el personal docente específico asignado, supervise <strong>“LOS PROGRAMAS Y PROYECTOS”</strong> de <strong>“EL ALUMNADO”.</strong></p><p><strong>h)&nbsp;&nbsp;&nbsp; </strong>Supervisar, evaluar y firmar los reportes que presenten <strong>“EL ALUMNADO” </strong>respecto de las actividades realizadas para desarrollo de <strong>“LOS PROGRAMAS Y PROYECTOS” </strong>cuando se requiera.</p><p><strong>i)&nbsp;&nbsp;&nbsp;&nbsp;&nbsp; </strong>Presentar semestralmente por escrito al <strong>“TSJ”</strong> un informe sobre el desarrollo de <strong>“LOS PROGRAMAS Y PROYECTOS” </strong>de <strong>“EL ALUMNADO” </strong>cuando se requiera.</p><p><strong>j)&nbsp;&nbsp;&nbsp;&nbsp;&nbsp; </strong>Dictar las disposiciones correspondientes para brindar las facilidades administrativas necesarias para alcanzar los objetivos descritos con anterioridad.</p><p><strong>k)&nbsp;&nbsp;&nbsp; </strong>Garantizar a <strong>“EL ALUMNADO”</strong> la seguridad dentro de sus instalaciones y en caso de ser necesario proporcionar un seguro de gastos médicos cuando los riesgos, sean mayores a las labores propias del trabajo de <strong>“LOS PROGRAMAS Y PROYECTOS” </strong>encomendadas por el <strong>(HECTOR SYSTEMAS INC)</strong>.</p><p><strong>l)&nbsp;&nbsp;&nbsp;&nbsp;&nbsp; </strong>Garantizar confidencialidad a los proyectos desarrollados para el <strong>“TSJ”</strong>.</p><p><strong>m)&nbsp;&nbsp; </strong>Respetar la normatividad del <strong>“TSJ”</strong>.</p><p>&nbsp;</p><p><strong>&nbsp;&nbsp;&nbsp;&nbsp; II.&nbsp;&nbsp;&nbsp;&nbsp;&nbsp;&nbsp;&nbsp;&nbsp; POR PARTE DEL “TSJ”:</strong></p><p>&nbsp;</p><p><strong>a)&nbsp;&nbsp;&nbsp; </strong>Informar y acompañar a <strong>“EL ALUMNADO”</strong> previo, durante y posterior al proceso para realizar <strong>“LOS PROGRAMAS Y PROYECTOS” </strong>de conformidad con la normatividad aplicable.</p><p><strong>b)&nbsp;&nbsp;&nbsp; </strong>Proporcionar a <strong>“EL ALUMNADO”</strong> el Seguro Facultativo por escrito, mismo que será presentado a <strong>(\"HECTOR SYSTEMAS INC”)</strong>.</p><p><strong>c)&nbsp;&nbsp;&nbsp; </strong>Proporcionar a <strong>(\"HECTOR SYSTEMAS INC”)</strong>.<strong> </strong>la información que requiera para la operación de <strong>“LOS PROGRAMAS Y PROYECTOS”,</strong> así como también facilitar el uso de equipamiento e infraestructura física.</p><p><strong>d)&nbsp;&nbsp;&nbsp; </strong>Aceptar la participación de <strong>(HECTOR SYSTEMAS INC)</strong>.<strong> </strong>en la formulación del plan de actividades de prácticas de campo y profesionales.</p><p><strong>e)&nbsp;&nbsp;&nbsp; </strong>Revisar y actualizar anualmente los planes de actividades académicas de las prácticas.</p><p><strong>f)&nbsp;&nbsp;&nbsp;&nbsp;&nbsp; </strong>Contratar por su cuenta al docente o docentes, responsables del campo práctico, eximiendo desde luego <strong>(\"HECTOR SYSTEMAS INC”)</strong>.de cualquier responsabilidad laboral, fiscal y de seguridad social que al respecto pudiera existir en relación con <strong>“EL ALUMNADO” </strong>y con el profesorado del campo práctico.</p><p><strong>g)&nbsp;&nbsp;&nbsp; </strong>Expedir la documentación necesaria a <strong>“EL ALUMNADO” </strong>para llevar a cabo el desarrollo de <strong>“LOS PROGRAMAS Y PROYECTOS”.</strong></p><p><strong>h)&nbsp;&nbsp;&nbsp; </strong>Supervisar y evaluar el rendimiento educativo de <strong>“EL ALUMNADO” </strong>basándose en la instrumentación que <strong>“LAS PARTES”</strong> determinen.</p><p><strong>i)&nbsp;&nbsp;&nbsp;&nbsp;&nbsp; </strong>Aceptar que <strong>“EL ALUMNADO”</strong> que cometan alguna falta a la reglamentación interior de <strong>(\"HECTOR SYSTEMAS INC”)</strong>. durante su permanencia en las instalaciones, se harán acreedores a la aplicación de medidas disciplinarías correspondientes, las cuales serán impuestas por la misma en coordinación con el <strong>“TSJ”</strong>.</p><p><strong>j)&nbsp;&nbsp;&nbsp;&nbsp;&nbsp; </strong>Ofrecer confidencialidad a los proyectos desarrollados para <strong>(\"HECTOR SYSTEMAS INC”)</strong>.</p><p><strong>k)&nbsp;&nbsp;&nbsp; </strong>Respetar la normatividad de <strong>(\"HECTOR SYSTEMAS INC”)</strong>.</p><p>&nbsp;</p><p><strong>QUINTA.</strong> <strong>ENCARGADOS DEL SEGUIMIENTO. “LAS PARTES”</strong> convienen en designar para la realización cumplimiento, ejecución y consecución del objeto y compromisos acodados en el presente convenio a los siguientes encargados:</p><p>&nbsp;</p><p>&nbsp;&nbsp;&nbsp;&nbsp;&nbsp; I.&nbsp;&nbsp;&nbsp;&nbsp;&nbsp;&nbsp;&nbsp;&nbsp; Por <strong>(\"HECTOR SYSTEMAS INC”)</strong> a la C. NOMBRE COMPLETO DE LA PERSONA QUE DARÁ SEGUIMIENTO A CONVENIO señalando como vía de comunicación el número de teléfono y cuenta de correo electrónico</p><p>&nbsp;</p><p>&nbsp;&nbsp;&nbsp;&nbsp; II.&nbsp;&nbsp;&nbsp;&nbsp;&nbsp;&nbsp;&nbsp;&nbsp; Por el <strong>“TSJ</strong>” a la jefatura de Planeación y Vinculación señalando como vía de comunicación 3747427288 Extensión # 6021 correo electrónico institucional, diego.velez@tequila.tecmm.edu.mx</p><p>&nbsp;</p><p><strong>SEXTA. RELACIONES LABORALES. “LAS PARTES”</strong> acuerdan que el personal asignado por cada una de ellas para la realización del presente convenio, así como <strong>“LOS PROGRAMAS Y PROYECTOS”</strong> que de éste deriven se entenderá relacionado exclusivamente con aquella que lo empleó. Por ende, cada una de ellas asumirá su responsabilidad por este concepto y en ningún caso el cumplimiento del objeto del presente acuerdo implicará relación laboral, obligación o compromiso alguno en este orden, por lo que no podrán ser considerados como patrones solidarios o sustitutos, asimismo por ser un instrumento de buena fe, no existe remuneración entre <strong>“LAS PARTES”</strong>.</p><p><strong>&nbsp;</strong></p><p><strong>“LAS</strong> <strong>PARTES”</strong> se comprometen a no intervenir en asuntos laborales y/o sindicales, ni en aquellos que competan a la operación particular de cada parte y sus trabajadores.</p><p><strong>&nbsp;</strong></p><p>Estas mismas disposiciones según corresponda serán aplicables a docentes o personal del instituto que efectúe <strong>“LOS PROGRAMAS Y PROYECTOS”.</strong></p><p><strong>&nbsp;</strong></p><p><strong>SÉPTIMA. RESPONSABILIDAD CIVIL. </strong>Queda expresamente pactado que <strong>“LAS PARTES”</strong> no tendrán responsabilidad civil por los daños y perjuicios que pudieran causarse como consecuencia de caso fortuito o fuerza mayor, particularmente por el paro de labores académicas o administrativas, en virtud de lo cual pudieran encontrarse impedidas para cumplir oportunamente con los compromisos derivados del objeto y alcances de este convenio.</p><p>&nbsp;</p><p>En caso de interrupción de actividades por esta causa, <strong>“LAS</strong> <strong>PARTES”</strong> se comprometen a reiniciar sus actividades inmediatamente después de que las causas de fuerza mayor hayan desaparecido en la forma y términos que las mismas determinen.</p><p><strong>&nbsp;</strong></p><p><strong>OCTAVA. CONFIDENCIALIDAD Y RESERVA DE LA INFORMACIÓN </strong>Toda la información, documentación o los datos que <strong>“LAS PARTES”</strong> generen, se entreguen o divulguen por cualquier medio y con motivo del presente convenio, será considerada por <strong>“LAS PARTES”</strong> como Información Pública, a excepción de&nbsp; aquella información o datos que contenga información confidencial, reservada, se haya clasificado o identificado por cualquiera de las partes al momento de la entrega, con la leyenda de “Información Confidencial”, está protegida por derechos de autor y/o propiedad intelectual ésta deberá de ser preservada en confidencialidad, y en consecuencia no podrá ser duplicada, reproducida, divulgada, enajenada o transferida a ningún tercero, sin previa autorización por escrito de la parte que haya entregado la información conforme a la Ley General de Transparencia y Acceso a la Información Pública, Ley General de Protección de Datos Personales en Posesión de Sujetos Obligados, así como sus símiles en el Estado de Jalisco además de cualquier otra normatividad en la materia, para con esto garantizar los derechos humanos de Acceso a la Información, Transparencia y Protección de Datos personales.</p><p>&nbsp;</p><p><strong>“LAS PARTES”</strong> manifiestan tener conocimiento de que están sujetas a las disposiciones contenidas en la legislación en materia de acceso a la información pública, así como a la específica en protección de datos personales en posesión de sujetos obligados, y que cuentan con diversas obligaciones para el cumplimiento de dichas normatividades, entre las que destacan la publicación de convenios, contratos y demás instrumentos jurídicos que celebren.</p><p>&nbsp;</p><p>En este contexto, <strong>“LAS PARTES”</strong> manifiestan su consentimiento expreso para que al presente convenio se le dé la publicidad que la legislación invocada disponga, en las formas que la misma determine. Así mismo <strong>(\"TEQUILA LOS ABUELOS SA DE CV”)</strong> se obliga a entregar a el <strong>“TSJ”</strong> la información o documentación que le sea solicitada con motivo de la ejecución del presente convenio.</p><p>&nbsp;</p><p>Cualquier información y/o documentación que <strong>“LAS PARTES”</strong>, se transfieran, se proporcionen o revelen, incluyendo información de carácter técnica, estratégica, estadística, y/o comercial, no deberá usarse dicha información para cualquier otro propósito distinto que no sea para el cumplimiento de las obligaciones pactadas en el presente convenio, absteniéndose de divulgar dicha información por cualquier medio como lo son, en forma enunciativa más no limitativa, las publicaciones, conferencias, o bien proporcionarse a cualquier tercero sin el consentimiento previo y por escrito de <strong>“LAS PARTES”.</strong></p><p>&nbsp;</p><p>Así mismo tanto <strong>(\"TEQUILA LOS ABUELOS SA DE CV”)</strong>&nbsp; como su personal deberán mantener estricta confidencialidad sobre la información que llegasen a tener conocimiento ya sea porque fue proporcionada por el <strong>“TSJ”</strong> o aquella que resulte de las funciones objeto de este convenio, asegurándose de no revelar a terceros ninguna información o datos respecto al objeto señalado en la <strong>CLÁUSULA</strong> <strong>PRIMERA</strong> del presente convenio so-pena de recibir las sanciones tanto económicas como legales correspondientes, salvo la información que le sea requerida por ser sujeto obligado a la legislación en materia de acceso a la información.</p><p><strong>NOVENA.</strong> <strong>DE LA PROPIEDAD PATRIMONIAL E INTELECTUAL.</strong> Los derechos de propiedad intelectual que pudieran surgir con motivos de las actividades desarrolladas y derivadas del objeto del presente instrumento, (publicaciones de diversas categorías, artículos, folletos, entre otros; así como las coproducciones y su difusión), estarán sujetos a las disposiciones legales aplicables y a los convenios específicos de colaboración que sobre el particular suscriban <strong>“LAS PARTES”</strong>, otorgando el reconocimiento correspondiente a quienes hayan intervenido en la ejecución de dichas actividades.</p><p><strong>DÉCIMA. VIGENCIA. </strong>Se establece que la vigencia del presente instrumento surtirá sus efectos a partir de la fecha de su última firma, su duración será hasta el término de la presente administración constitucional estatal y <strong>“LAS PARTES”</strong> podrán de común acuerdo realizar convenios específicos y en todo tiempo modificar el contenido del convenio o darlo por terminado de manera anticipada sin necesidad de resolución judicial, toda vez que no se lleven a cabo los trabajos y objetivos en este convenio de colaboración, notificando mediante aviso por escrito a la otra parte con por lo menos treinta días de anticipación.</p><p>No obstante, lo anterior, la terminación anticipada o de la vigencia del presente convenio, no afectara a <strong>“EL ALUMNADO”</strong> que se encuentren llevando a cabo <strong>“LOS PROGRAMAS Y PROYECTOS”</strong> en las instalaciones de <strong>(\"TEQUILA LOS ABUELOS SA DE CV”)</strong>, por lo tanto, en ese supuesto, se cumplirán todas las obligaciones derivadas de este instrumento hasta que <strong>“EL ALUMNADO”</strong> que se encuentren realizando su servicio social o residencias profesionales lo concluyan.</p><p><strong>DÉCIMA PRIMERA. CESIÓN DE DERECHOS Y OBLIGACIONES. </strong>Ninguna de <strong>“LAS PARTES”</strong> podrá ceder o transferir los derechos y obligaciones derivadas del presente convenio.</p><p><strong>DÉCIMA SEGUNDA.&nbsp; NO TRANSFERENCIA DE FONDOS.&nbsp; </strong>Este convenio de colaboración y vinculación no obliga a ninguna de <strong>“LAS PARTES”</strong> a proporcionar financiamiento de cualquier tipo a la otra, incluyendo apoyo de personal o para la recaudación de fondos. Cualquier transferencia de recursos entre <strong>“LAS PARTES”</strong>, será objeto de un convenio independiente, con inclusión de cláusulas y otras condiciones según el procedimiento interno de cada parte y será debidamente firmado por las mismas.</p><p><strong>DÉCIMA TERCERA. DE LA FORMA DE RESOLVER LAS CONTROVERSIAS.&nbsp; “LAS PARTES” </strong>manifiestan que la firma de este convenio y los compromisos contraído en él, son producto de su buena fe, por lo que realizan todas las acciones necesarias para su debido cumplimiento; en caso de presentarse alguna diferencia con motivo de la interpretación, cumplimiento o ejecución, o asuntos que no se encuentren expresamente previstos en el presente convenio, <strong>“LAS PARTES” </strong>lo resolverán por mutuo acuerdo, en el entendido de que las decisiones que se tomen deberán hacerse por escrito y estarán firmadas por cada uno de sus representantes, anexando dichos acuerdos al presente convenio, para formar parte integrante del mismo.&nbsp;</p><p><strong>“LAS PARTES”</strong> acuerdan someter a mediación en primer lugar cualquier controversia que pueda suscitarse con motivo de la interpretación, ejecución, validez, eficacia o cualquier otra contingencia que se relacione directa o indirectamente con el presente convenio, así como la reparación de los daños y perjuicios que pudieran derivar de su incumplimiento.</p><p>El proceso de mediación se desarrollará en el Instituto de Justicia Alternativa del Estado de Jalisco, así pues, las partes declaran conocer y aceptar considerándolo parte integrante del presente convenio.</p><p>No obstante, al no ser posible lo anterior, se aplicará la legislación civil vigente del Estado de Jalisco, y se sujetaran a los Tribunales del Primer Partido Judicial del Estado de Jalisco; renunciando a la Jurisdicción o Fuero que, por razón de su domicilio actual o futuro, o que, por cualquier otra causa, pudiere corresponderles.</p><p>Previa lectura y con pleno conocimiento de su contenido, se extiende por <strong>triplicado</strong> el presente convenio que de conformidad suscriben las partes en la ciudad de Tequila, Jalisco, el día 13 de mayo 2025, conservando un ejemplar cada una de ellas.</p><p>&nbsp;</p><p>&nbsp;</p><p>&nbsp;</p><p>&nbsp;</p><p>&nbsp;</p><p>&nbsp;</p><p>&nbsp;</p><figure class=\"table\"><table><tbody><tr><td><p><strong>RAZÓN SOCIAL DE LA EMPRESA</strong></p><p><strong>&nbsp;</strong></p><p><strong>&nbsp;</strong></p></td><td>&nbsp;</td><td><strong>EL “TSJ”</strong></td></tr><tr><td><p>NOMBRE COMPLETO DE</p><p>REPRESENTANTE LEGAL</p></td><td>&nbsp;</td><td><p>EDUARDO DANIEL MIRAMONTES GARCÍA</p><p>DIRECTOR DE LA UNIDAD ACADÉMICA TEQIUILA</p></td></tr><tr><td colspan=\"3\"><p><strong>&nbsp;</strong></p><p><strong>&nbsp;</strong></p><p><strong>TESTIGOS</strong></p></td></tr><tr><td><p>&nbsp;</p><p>&nbsp;</p></td><td>&nbsp;</td><td>&nbsp;</td></tr><tr><td><p>NOMBRE</p><p>PUESTO</p></td><td>&nbsp;</td><td><p>&nbsp;DIEGO IVÁN VELEZ SANCHEZ</p><p>JEFA DE DEPARTAMENTO DE PLANEACIÓN Y VINCULACIÓN</p><p>&nbsp;</p></td></tr></tbody></table></figure><p>&nbsp;</p><p>Convenio de Colaboración celebrado entre (“HECTOR SYSTEMAS INC”) y el Instituto Tecnológico José Mario Molina Pasquel y Henríquez</p>',NULL,'v1.0',1,'Archivado','Archivado','2025-12-08 07:46:18','2025-12-08 09:49:36');
/*!40000 ALTER TABLE `rp_convenio_machote` ENABLE KEYS */;
UNLOCK TABLES;

--
-- Table structure for table `rp_documento_tipo`
--

DROP TABLE IF EXISTS `rp_documento_tipo`;
/*!40101 SET @saved_cs_client     = @@character_set_client */;
/*!50503 SET character_set_client = utf8mb4 */;
CREATE TABLE `rp_documento_tipo` (
  `id` bigint NOT NULL AUTO_INCREMENT,
  `nombre` varchar(100) COLLATE utf8mb4_general_ci NOT NULL,
  `descripcion` text COLLATE utf8mb4_general_ci,
  `obligatorio` tinyint(1) NOT NULL DEFAULT '1',
  `tipo_empresa` enum('fiscal','moral','ambas') COLLATE utf8mb4_general_ci DEFAULT 'ambas',
  `activo` tinyint(1) NOT NULL DEFAULT '1',
  PRIMARY KEY (`id`),
  UNIQUE KEY `uk_documento_tipo_nombre` (`nombre`)
) ENGINE=InnoDB AUTO_INCREMENT=23 DEFAULT CHARSET=utf8mb4 COLLATE=utf8mb4_general_ci;
/*!40101 SET character_set_client = @saved_cs_client */;

--
-- Dumping data for table `rp_documento_tipo`
--

LOCK TABLES `rp_documento_tipo` WRITE;
/*!40000 ALTER TABLE `rp_documento_tipo` DISABLE KEYS */;
INSERT INTO `rp_documento_tipo` VALUES (12,'Constancia del SAT','Copia de constancia del SAT.',1,'fiscal',1),(13,'Comprobante de domicilio vigente','Comprobante no mayor a tres meses.',1,'fiscal',1),(14,'INE del titular','Identificación oficial del titular.',1,'fiscal',1),(15,'Logotipo del negocio','Logotipo en formato JPG o PNG (solo si cuenta con alguno).',0,'fiscal',1),(16,'Acta constitutiva','Copia del acta constitutiva o carátula visible.',1,'moral',1),(17,'INE del representante legal','Identificación del representante legal.',1,'moral',1),(18,'Comprobante de domicilio vigente (empresa)','Comprobante no mayor a tres meses.',1,'moral',1),(19,'Constancia de situación fiscal','Constancia de situación fiscal (SAT).',1,'moral',1),(20,'Logotipo de la empresa','Logotipo en formato JPG o PNG (solo si cuenta con alguno).',0,'moral',1),(21,'INE del apoderado legal','Identificación del apoderado legal (si aplica).',0,'moral',1),(22,'Poder notarial del apoderado legal','Documento de poder notarial (si aplica).',0,'moral',1);
/*!40000 ALTER TABLE `rp_documento_tipo` ENABLE KEYS */;
UNLOCK TABLES;

--
-- Table structure for table `rp_documento_tipo_empresa`
--

DROP TABLE IF EXISTS `rp_documento_tipo_empresa`;
/*!40101 SET @saved_cs_client     = @@character_set_client */;
/*!50503 SET character_set_client = utf8mb4 */;
CREATE TABLE `rp_documento_tipo_empresa` (
  `id` bigint NOT NULL AUTO_INCREMENT,
  `empresa_id` bigint NOT NULL,
  `nombre` varchar(100) COLLATE utf8mb4_general_ci NOT NULL,
  `descripcion` text COLLATE utf8mb4_general_ci,
  `obligatorio` tinyint(1) NOT NULL DEFAULT '1',
  `activo` tinyint(1) NOT NULL DEFAULT '1',
  `creado_en` datetime NOT NULL DEFAULT CURRENT_TIMESTAMP,
  `actualizado_en` datetime DEFAULT CURRENT_TIMESTAMP ON UPDATE CURRENT_TIMESTAMP,
  PRIMARY KEY (`id`),
  KEY `idx_tipo_empresa` (`empresa_id`),
  CONSTRAINT `fk_tipo_empresa_empresa` FOREIGN KEY (`empresa_id`) REFERENCES `rp_empresa` (`id`) ON DELETE CASCADE ON UPDATE CASCADE
) ENGINE=InnoDB AUTO_INCREMENT=2 DEFAULT CHARSET=utf8mb4 COLLATE=utf8mb4_general_ci;
/*!40101 SET character_set_client = @saved_cs_client */;

--
-- Dumping data for table `rp_documento_tipo_empresa`
--

LOCK TABLES `rp_documento_tipo_empresa` WRITE;
/*!40000 ALTER TABLE `rp_documento_tipo_empresa` DISABLE KEYS */;
INSERT INTO `rp_documento_tipo_empresa` VALUES (1,1,'Documento Personal','Doc Personal',1,1,'2025-12-09 19:29:29','2025-12-09 19:29:29');
/*!40000 ALTER TABLE `rp_documento_tipo_empresa` ENABLE KEYS */;
UNLOCK TABLES;

--
-- Table structure for table `rp_empresa`
--

DROP TABLE IF EXISTS `rp_empresa`;
/*!40101 SET @saved_cs_client     = @@character_set_client */;
/*!50503 SET character_set_client = utf8mb4 */;
CREATE TABLE `rp_empresa` (
  `id` bigint NOT NULL AUTO_INCREMENT,
  `numero_control` varchar(20) COLLATE utf8mb4_general_ci DEFAULT NULL,
  `nombre` varchar(191) COLLATE utf8mb4_general_ci NOT NULL,
  `logo_path` varchar(255) COLLATE utf8mb4_general_ci DEFAULT NULL,
  `rfc` varchar(20) COLLATE utf8mb4_general_ci DEFAULT NULL,
  `representante` varchar(191) COLLATE utf8mb4_general_ci DEFAULT NULL,
  `cargo_representante` varchar(191) COLLATE utf8mb4_general_ci DEFAULT NULL,
  `sector` varchar(191) COLLATE utf8mb4_general_ci DEFAULT NULL,
  `sitio_web` varchar(255) COLLATE utf8mb4_general_ci DEFAULT NULL,
  `contacto_nombre` varchar(191) COLLATE utf8mb4_general_ci DEFAULT NULL,
  `contacto_email` varchar(191) COLLATE utf8mb4_general_ci DEFAULT NULL,
  `telefono` varchar(30) COLLATE utf8mb4_general_ci DEFAULT NULL,
  `estado` varchar(100) COLLATE utf8mb4_general_ci DEFAULT NULL,
  `municipio` varchar(100) COLLATE utf8mb4_general_ci DEFAULT NULL,
  `cp` varchar(10) COLLATE utf8mb4_general_ci DEFAULT NULL,
  `direccion` varchar(255) COLLATE utf8mb4_general_ci DEFAULT NULL,
  `estatus` enum('Activa','En revisión','Inactiva','Suspendida','Completada') COLLATE utf8mb4_general_ci NOT NULL DEFAULT 'En revisión',
  `regimen_fiscal` enum('fiscal','moral') COLLATE utf8mb4_general_ci NOT NULL,
  `notas` text COLLATE utf8mb4_general_ci,
  `creado_en` datetime NOT NULL DEFAULT CURRENT_TIMESTAMP,
  `actualizado_en` datetime DEFAULT NULL ON UPDATE CURRENT_TIMESTAMP,
  PRIMARY KEY (`id`),
  UNIQUE KEY `uk_empresa_rfc` (`rfc`),
  UNIQUE KEY `numero_control` (`numero_control`),
  KEY `idx_empresa_nombre` (`nombre`)
) ENGINE=InnoDB AUTO_INCREMENT=22 DEFAULT CHARSET=utf8mb4 COLLATE=utf8mb4_general_ci;
/*!40101 SET character_set_client = @saved_cs_client */;

--
-- Dumping data for table `rp_empresa`
--

LOCK TABLES `rp_empresa` WRITE;
/*!40000 ALTER TABLE `rp_empresa` DISABLE KEYS */;
INSERT INTO `rp_empresa` VALUES (1,'EMP-0001','Tecnologías Avanzadas de México S.A. de C.V.',NULL,'TAM901203KL7','Carlos Méndez','Director General','Tecnología','https://www.tamex.mx','Ana López','ana.lopez@tamex.mx','3324559911','Jalisco','Guadalajara','44100','Av. México 2200, Col. Ladron de Guevara','Activa','moral','Empresa líder en desarrollo tecnológico.','2025-12-07 02:35:28','2025-12-09 19:24:11'),(2,'EMP-0002','Grupo Agroindustrial Los Altos S.A.',NULL,'GAL920301LP3','Brenda Herrera','Gerente Operativa','Agroindustria','https://www.grupoaltos.com','Luis Sánchez','l.sanchez@grupoaltos.com','3758223344','Jalisco','Tepatitlán','47600','Carr. Tepatitlán 1200, Parque Industrial','En revisión','moral','Proveedores de insumos agrícolas.','2025-12-07 02:35:28','2025-12-07 05:32:17'),(3,'EMP-0003','Hotel Real del Valle','uploads/empresalogos/3/logo_3_e0e84ad6326dd070.png','HRV050612GD2','Jorge Ramírez','Administrador','Turismo','https://www.realvallehotel.com','María Torres','contacto@realvallehotel.com','3737421123','Jalisco','Tequila','46400','Hidalgo #22, Centro','En revisión','moral','Hotel turístico en zona centro.','2025-12-07 02:35:28','2025-12-08 04:28:34'),(4,'EMP-0004','Distribuidora Médica Santa María',NULL,'DMS041228HT4','Dra. Silvia Torres','Directora Médica','Salud','https://www.dismaria.mx','Laura Gómez','l.gomez@dismaria.mx','3318842231','Jalisco','Zapopan','45050','Av. Patria 1500, Jardines Universidad','En revisión','moral','Distribución de material médico.','2025-12-07 02:35:28','2025-12-07 05:32:17'),(5,'EMP-0005','Soluciones Financieras del Occidente',NULL,'SFO981122PL8','Ricardo Fernández','Gerente Regional','Finanzas','https://www.sfo.com.mx','Claudia Ruiz','claudia.ruiz@sfo.com.mx','3329910044','Jalisco','Guadalajara','44150','Av. Américas 3450','En revisión','moral','Consultoría financiera regional.','2025-12-07 02:35:28','2025-12-07 05:32:17'),(6,'EMP-0006','Innova Software Group S.A. de C.V.',NULL,'ISG070315TZ1','Daniel Morales','CTO','Tecnología','https://www.innovasoft.mx','Sofía Delgado','s.delgado@innovasoft.mx','3339182211','Jalisco','Zapopan','45120','Periférico Nte. 5800','En revisión','moral','Empresa desarrolladora de software empresarial.','2025-12-07 02:35:28','2025-12-07 05:32:17'),(7,'EMP-0007','Transportes y Logística Rivera',NULL,'TLR950822MN5','Adrián Rivera','Dueño','Logística','https://www.tlr.mx','Juan Pérez','juan.perez@tlr.mx','3328339011','Jalisco','Tlajomulco','45640','Av. Adolf Horn 990','En revisión','moral','Transportes de mercancías.','2025-12-07 02:35:28','2025-12-07 05:32:17'),(8,'EMP-0008','Constructora del Pacífico',NULL,'CDP011004LK9','Héctor Zúñiga','Director de Proyectos','Construcción','https://www.conpacifico.com','Karen Medina','k.medina@conpacifico.com','3337225588','Jalisco','Puerto Vallarta','48300','Av. Francisco Medina Ascencio 1500','En revisión','moral','Constructora de infraestructura hotelera.','2025-12-07 02:35:28','2025-12-07 05:32:17'),(9,'EMP-0009','Café Sierra Azul',NULL,'CSA120912JK4','Rosa Méndez','Propietaria','Alimentos',NULL,'David Rojas','david@sierracafe.mx','3312994410','Jalisco','Mazamitla','49500','Morelos 45, Centro','En revisión','fiscal','Productores de café artesanal.','2025-12-07 02:35:28',NULL),(10,'EMP-0010','Servicios Contables Jalisco',NULL,'SCJ030602FT3','Manuel Ortiz','Contador General','Servicios Profesionales',NULL,'Paula Núñez','paula@scj.mx','3331970041','Jalisco','Guadalajara','44200','Av. Chapultepec 112','En revisión','moral','Despacho contable.','2025-12-07 02:35:28','2025-12-07 05:32:17'),(11,'EMP-0011','Electricidad Industrial MX',NULL,'EIM990922HR4','Alejandro Vargas','Director Técnico','Industria',NULL,'César Luna','cesar@eimindustria.com','3327810044','Jalisco','El Salto','45680','Parque Industrial El Salto 204','En revisión','moral','Fabricación de componentes eléctricos.','2025-12-07 02:35:28','2025-12-07 05:32:17'),(12,'EMP-0012','Clínica Familiar Aurora',NULL,'CFA060314PL9','Dra. Miriam Fuentes','Directora Administrativa','Salud',NULL,'Martha Solís','martha@cfaurora.mx','3338991020','Jalisco','Zapopan','45070','Av. Guadalupe 3222','En revisión','moral','Servicios de consulta general.','2025-12-07 02:35:28',NULL),(13,'EMP-0013','Panadería Delicias del Campo',NULL,'PDC110122MN3','José Barajas','Administrador','Alimentos',NULL,'Elena Ruiz','contacto@delicias.mx','3317839922','Jalisco','Etzatlán','46500','5 de Mayo #120','En revisión','fiscal','Pan artesanal y repostería.','2025-12-07 02:35:28','2025-12-07 05:32:17'),(14,'EMP-0014','AutoPartes MotorLine',NULL,'AML050723GT6','Luis Reyes','Gerente Comercial','Refacciones','https://www.motorline.mx','Valeria Muñoz','valeria@motorline.mx','3336422920','Jalisco','Guadalajara','44550','Av. Vallarta 5500','En revisión','moral','Distribuidor de autopartes.','2025-12-07 02:35:28','2025-12-07 05:32:17'),(15,'EMP-0015','Consultora EDUCATIVA SUR',NULL,'CES080911KS2','Marcela Olivares','Coordinadora','Educación',NULL,'Diana Flores','diana@edusur.mx','3328821134','Jalisco','Ciudad Guzmán','49000','Calle Reforma 233','En revisión','moral','Servicios de capacitación y talleres.','2025-12-07 02:35:28','2025-12-07 05:32:17'),(16,'EMP-0016','Restaurante La Casona',NULL,'RLC990104GF8','Francisco Dávila','Propietario','Alimentos',NULL,'Iván Torres','ivan@lacasona.mx','3312458877','Jalisco','Ameca','46600','Calle Hidalgo 901','En revisión','fiscal','Restaurante familiar tradicional.','2025-12-07 02:35:28','2025-12-07 05:32:17'),(17,'EMP-0017','Muebles Selectos MX',NULL,'MSM021220JD5','Araceli Jiménez','Directora de Sucursal','Mueblería','https://www.mselectos.mx','Daniel Muñoz','d.munoz@mselectos.mx','3322110090','Jalisco','Tala','45300','Av. Morelos 191','En revisión','moral','Venta de muebles y decoración.','2025-12-07 02:35:28','2025-12-07 05:32:17'),(18,'EMP-0018','Comercializadora NutriVida',NULL,'CNV140912PQ9','Patricia Ruiz','Gerente General','Comercio',NULL,'Sergio Flores','sergio@nutrivida.mx','3334567788','Jalisco','Guadalajara','44800','Calzada Independencia 1401','En revisión','moral','Distribución de productos naturistas.','2025-12-07 02:35:28','2025-12-07 05:32:17'),(19,'EMP-0019','Clínica Veterinaria PetLife',NULL,'CVP101122LK2','Dr. Mario Romo','Veterinario en Jefe','Servicios Veterinarios',NULL,'Laura Nieto','laura@petlife.mx','3326890012','Jalisco','Zapopan','45130','Av. Naciones Unidas 2220','En revisión','fiscal','Centro de atención animal.','2025-12-07 02:35:28','2025-12-07 05:32:17'),(20,'EMP-0020','Diseño y Publicidad Creativa',NULL,'DPC091001TR6','Santiago Velasco','Director Creativo','Marketing','https://www.creativads.mx','Jimena Barba','jimena@creativads.mx','3329457781','Jalisco','Guadalajara','44160','Av. López Mateos 1555','En revisión','moral','Agencia creativa de diseño gráfico.','2025-12-07 02:35:28',NULL),(21,'EMP1991','HECTOR SYSTEMAS INC','uploads/empresalogos/21/logo_21_62624c4dc92c0bc1.png','RFC002121433D3','MAnuel Migares','SONY','Educacion','https://www.SONY.com','Lisa Theresa','TEst@test.com','2233333333','TESTestado','testtequila','40209','CalleTest3','Activa','fiscal','00','2025-12-08 07:45:46','2025-12-08 09:44:39');
/*!40000 ALTER TABLE `rp_empresa` ENABLE KEYS */;
UNLOCK TABLES;

--
-- Table structure for table `rp_empresa_doc`
--

DROP TABLE IF EXISTS `rp_empresa_doc`;
/*!40101 SET @saved_cs_client     = @@character_set_client */;
/*!50503 SET character_set_client = utf8mb4 */;
CREATE TABLE `rp_empresa_doc` (
  `id` bigint NOT NULL AUTO_INCREMENT,
  `empresa_id` bigint NOT NULL,
  `tipo_global_id` bigint DEFAULT NULL,
  `tipo_personalizado_id` bigint DEFAULT NULL,
  `ruta` varchar(255) COLLATE utf8mb4_general_ci NOT NULL,
  `estatus` enum('pendiente','aprobado','rechazado','revision','Archivado') COLLATE utf8mb4_general_ci NOT NULL DEFAULT 'pendiente',
  `observacion` text COLLATE utf8mb4_general_ci,
  `creado_en` datetime NOT NULL DEFAULT CURRENT_TIMESTAMP,
  `actualizado_en` datetime DEFAULT CURRENT_TIMESTAMP ON UPDATE CURRENT_TIMESTAMP,
  PRIMARY KEY (`id`),
  UNIQUE KEY `uk_empresa_doc_global` (`empresa_id`,`tipo_global_id`),
  KEY `idx_doc_empresa` (`empresa_id`),
  KEY `idx_doc_tipo_global` (`tipo_global_id`),
  KEY `idx_doc_tipo_personalizado` (`tipo_personalizado_id`),
  KEY `idx_empresa_tipo` (`empresa_id`,`tipo_global_id`,`tipo_personalizado_id`),
  CONSTRAINT `fk_doc_empresa` FOREIGN KEY (`empresa_id`) REFERENCES `rp_empresa` (`id`) ON DELETE CASCADE,
  CONSTRAINT `fk_doc_tipo_global` FOREIGN KEY (`tipo_global_id`) REFERENCES `rp_documento_tipo` (`id`) ON DELETE SET NULL,
  CONSTRAINT `fk_doc_tipo_personalizado` FOREIGN KEY (`tipo_personalizado_id`) REFERENCES `rp_documento_tipo_empresa` (`id`) ON DELETE SET NULL
) ENGINE=InnoDB AUTO_INCREMENT=5 DEFAULT CHARSET=utf8mb4 COLLATE=utf8mb4_general_ci;
/*!40101 SET character_set_client = @saved_cs_client */;

--
-- Dumping data for table `rp_empresa_doc`
--

LOCK TABLES `rp_empresa_doc` WRITE;
/*!40000 ALTER TABLE `rp_empresa_doc` DISABLE KEYS */;
INSERT INTO `rp_empresa_doc` VALUES (3,21,13,NULL,'uploads/documento/doc_21_13_20251208_153902_fe9f7e77.png','Archivado',NULL,'2025-12-08 09:39:02','2025-12-08 09:49:36'),(4,1,16,NULL,'uploads/convenios/empresa_1_global_16_20251210_012625_b038e862a9.png','aprobado','Acta constituiva','2025-12-09 19:26:25','2025-12-09 19:27:59');
/*!40000 ALTER TABLE `rp_empresa_doc` ENABLE KEYS */;
UNLOCK TABLES;

--
-- Table structure for table `rp_estudiante`
--

DROP TABLE IF EXISTS `rp_estudiante`;
/*!40101 SET @saved_cs_client     = @@character_set_client */;
/*!50503 SET character_set_client = utf8mb4 */;
CREATE TABLE `rp_estudiante` (
  `id` bigint NOT NULL AUTO_INCREMENT,
  `nombre` varchar(150) NOT NULL,
  `apellido_paterno` varchar(80) DEFAULT NULL,
  `apellido_materno` varchar(80) DEFAULT NULL,
  `matricula` varchar(20) NOT NULL,
  `carrera` varchar(100) DEFAULT NULL,
  `correo_institucional` varchar(120) DEFAULT NULL,
  `telefono` varchar(20) DEFAULT NULL,
  `empresa_id` bigint NOT NULL,
  `convenio_id` bigint DEFAULT NULL,
  `estatus` enum('Activo','Finalizado','Inactivo') DEFAULT 'Activo',
  `creado_en` datetime DEFAULT CURRENT_TIMESTAMP,
  PRIMARY KEY (`id`),
  UNIQUE KEY `matricula` (`matricula`),
  KEY `empresa_id` (`empresa_id`),
  KEY `convenio_id` (`convenio_id`)
) ENGINE=MyISAM AUTO_INCREMENT=2 DEFAULT CHARSET=latin1;
/*!40101 SET character_set_client = @saved_cs_client */;

--
-- Dumping data for table `rp_estudiante`
--

LOCK TABLES `rp_estudiante` WRITE;
/*!40000 ALTER TABLE `rp_estudiante` DISABLE KEYS */;
INSERT INTO `rp_estudiante` VALUES (1,'Marten','Perex','Lopezz','20232323','ING.Informatica','tech.tech@tech.com',NULL,1,1,'Activo','2025-12-09 19:31:44');
/*!40000 ALTER TABLE `rp_estudiante` ENABLE KEYS */;
UNLOCK TABLES;

--
-- Table structure for table `rp_machote`
--

DROP TABLE IF EXISTS `rp_machote`;
/*!40101 SET @saved_cs_client     = @@character_set_client */;
/*!50503 SET character_set_client = utf8mb4 */;
CREATE TABLE `rp_machote` (
  `id` bigint NOT NULL AUTO_INCREMENT,
  `version` varchar(50) COLLATE utf8mb4_general_ci NOT NULL,
  `descripcion` text COLLATE utf8mb4_general_ci,
  `estado` enum('vigente','borrador','archivado') COLLATE utf8mb4_general_ci DEFAULT 'borrador',
  `contenido_html` longtext COLLATE utf8mb4_general_ci,
  `archivo_pdf` varchar(255) COLLATE utf8mb4_general_ci DEFAULT NULL,
  `creado_en` datetime DEFAULT CURRENT_TIMESTAMP,
  `actualizado_en` datetime DEFAULT CURRENT_TIMESTAMP ON UPDATE CURRENT_TIMESTAMP,
  PRIMARY KEY (`id`),
  UNIQUE KEY `uk_machote_version` (`version`)
) ENGINE=InnoDB AUTO_INCREMENT=3 DEFAULT CHARSET=utf8mb4 COLLATE=utf8mb4_general_ci;
/*!40101 SET character_set_client = @saved_cs_client */;

--
-- Dumping data for table `rp_machote`
--

LOCK TABLES `rp_machote` WRITE;
/*!40000 ALTER TABLE `rp_machote` DISABLE KEYS */;
INSERT INTO `rp_machote` VALUES (1,'V1','Machote Padre','borrador','<p>LOGOTIPO DE LA EMPRESA</p><p>&nbsp;</p><p>&nbsp;</p><p>CONVENIO&nbsp; DE COLABORACIÓN Y VINCULACIÓN QUE CELEBRAN POR UNA PARTE <strong>EL INSTITUTO TECNOLÓGICO JOSÉ MARIO MOLINA PASQUEL Y HENRÍQUEZ</strong> REPRESENTADO EN ESTE ACTO POR <strong>(MTRO. EDUARDO DANIEL MIRAMONTES GARCIA)</strong>, EN SU CARÁCTER DE <strong>(DIRECTOR DE LA UNIDAD ACDÉMICA TEQUILA)</strong>, QUE EN LO SUCESIVO SE DENOMINARÁ COMO EL <strong>“TSJ”</strong>, Y, POR OTRA PARTE, <strong>(NOMBRE DE LA EMPRESA)</strong>, REPRESENTADO EN ESTE ACTO POR <strong>(NOMBRE COMPLETO DEL REPRESENTANTE LEGAL DE LA EMPRESA)</strong>, EN SU CARÁCTER DE <strong>(REPRESENTANTE LEGAL DE LA EMPRESA)</strong>, A QUIÉN EN LO SUCESIVO SE LE DENOMINARÁ &nbsp;<strong>(NOMBRE DE LA EMPRESA)</strong>, A LOS COMPARECIENTES EN CONJUNTO SE LES DENOMINARÁ COMO <strong>“LAS PARTES”</strong> QUIENES EN ESTE ACTO FORMALIZAN EL PRESENTE CONVENIO Y LO SUJETAN AL TENOR DE LAS SIGUIENTES DECLARACIONES Y CLÁUSULAS:</p><p><strong>&nbsp;</strong></p><p><strong>DECLARACIONES</strong></p><p><strong>&nbsp;</strong></p><p><strong>DECLARACIONES</strong></p><p><strong>&nbsp;I.&nbsp;&nbsp;&nbsp; Declara el “TSJ” por conducto de su representante legal que:</strong></p><p>I.1 Que es un organismo público descentralizado del Gobierno del Estado con personalidad jurídica y patrimonio propio, creado mediante decreto legislativo<strong> 25535/LX/15, del Congreso del Estado de Jalisco </strong>publicado en el periódico oficial El Estado de Jalisco con fecha de <strong>23 de agosto del 2016</strong>, cuya finalidad es la de prestar el servicio de educación superior tecnológica en el Estado de Jalisco.</p><p>I.2 Que tiene como objeto:</p><p>a.&nbsp;&nbsp; Formar profesionales de nivel superior que requiere el desarrollo del Estado de Jalisco y del país;</p><p>b.&nbsp;&nbsp; Realizar labores de investigación científica y tecnológica;</p><p>c.&nbsp;&nbsp; Extender los beneficios de la ciencia y de la tecnología hacia la sociedad;</p><p>d.&nbsp;&nbsp; Promover entre los miembros de su comunidad académica una formación armónica y equilibrada;</p><p>e.&nbsp;&nbsp; Participar en el proceso de creación, conservación, renovación y transmisión de la cultura de la ciencia, la tecnología y la innovación;</p><p>f.&nbsp;&nbsp;&nbsp;&nbsp; Impulsar las capacidades especializadas que requieren las cadenas productivas del ecosistema tecnológico; y</p><p>g.&nbsp;&nbsp; Los demás que señalen las leyes y reglamentos aplicables.</p><p><strong>&nbsp;</strong></p><p>I.3 Que como parte de su estructura y organización cuenta con las siguientes Unidades Académicas: Arandas, Chapala, Cocula, El Grullo, La Huerta, Lagos de Moreno, Mascota, Puerto Vallarta, San Juan de los Lagos, Tala, Tamazula, Tepatitlán de Morelos, Tequila, Tomatlán, Zapopan y Zapotlanejo, quienes son Unidades Académicas distribuidas en el territorio del Estado de Jalisco, a través de las cuales el Instituto realiza sus actividades y cumple con su objeto y fines.</p><p>&nbsp;</p><p>I.4 Mediante acuerdo de fecha 01 de mayo del 2025, el C. Gobernador Constitucional del Estado de Jalisco, Lic. Jesús Pablo Lemus Navarro, designó como Titular de la Dirección General del “INSTITUTO TECNOLÓGICO JOSÉ MARIO MOLINA PASQUEL Y HENRIQUEZ” a la C. Gloria Luz Rodríguez Gil.</p><p>&nbsp;</p><p>I.5 Que de conformidad por los artículos 21, 23 fracción II inciso a) de la Ley de Entidades Paraestatales del Estado de Jalisco; 23, 24 y 26 fracción X de la Ley Orgánica del In</p><p>&nbsp;</p><p>El \"<strong>TSJ</strong>\" comparece por conducto el Director de la Unidad Académica de (Tequila) el <strong>C. (Eduardo Daniel Miramontes García)</strong>, facultado por la Titular de la Dirección General del Instituto, mediante acuerdo ACU/TSJ/003/2025 de fecha 02 de mayo del 2025, para poder suscribir el presente instrumento.</p><p>&nbsp;</p><p>I.6 Que para efectos del presente convenio señala como domicilio para todos los efectos legales el ubicado en la calle Dr. Joel Magallanes Rubio número 501 en la colonia lomas del paraíso, en el municipio de Tequila, Jalisco, Código. Postal. 46400</p><p>&nbsp;</p><p><strong>II.&nbsp;&nbsp;&nbsp;&nbsp;&nbsp;&nbsp;&nbsp; Declara (NOMBRE COMPLETO DE LA EMPRESA) por conducto de su representante, que: NOMBRE DE REPRESENTANTE LEGAL</strong></p><p><strong>&nbsp;</strong></p><p>II.1.<strong> </strong>II.1<strong> </strong>Es un (empresa, dependencia, entidad, etc.) (fecha de creación) (documento que lo acredita, acta constitutive)</p><p>&nbsp;</p><p>II.2 La sociedad tiene por objeto: todo lo referente de acuerdo a su objeto social</p><p>&nbsp;</p><p>II.3 (Nombre del representante legal y cargo) (documentos que acredite su personalidad) (Sustento legal que le dé atribución de suscribir el convenio)</p><p>&nbsp;</p><p>&nbsp;</p><p>II.4 Que para efectos del presente convenio señala como domicilio para todos los efectos legales el ubicado en calle XXXXXX número XXXX, colonia XXXXX, municipio de xxxxxx, (Estado), C.P.(XXXX).</p><p>&nbsp;</p><p><strong>III.&nbsp;&nbsp;&nbsp;&nbsp;&nbsp;&nbsp;&nbsp; Declaran “LAS PARTES”:</strong></p><p><strong>&nbsp;</strong></p><p>III.1 Que la prestación del Servicio Social, Residencias Profesionales y Educación Dual a que se refiere el presente convenio, es el objeto principal del presente documento, así como de otorgar a <strong>“EL ALUMNADO”</strong> de nivel superior, la oportunidad de cumplir con este requisito, dentro del esquema que permita sentar bases su óptimo desarrollo profesional.</p><p>&nbsp;</p><p>III.2 Que se reconocen recíprocamente la personalidad y capacidad legal con la que comparecen a celebrar el presente convenio y manifiestan estar conforme con lo declarado por cada una de ellas en los capítulos respectivos.</p><p>&nbsp;</p><p>III.3 Estar comprometidos a colaborar juntos para desarrollar las mejoras que requiere el estado y el país.</p><p>&nbsp;</p><p>III.4 Que para el otorgamiento y suscripción del presente instrumento no existe dolo, error, mala fe o cualquier otro vicio de la voluntad que lo pudiera invalidar, por lo que tienen interés en establecer los términos y condiciones que se indican en las siguientes:</p><p>&nbsp;</p><p><strong>CLÁUSULAS</strong></p><p><strong>&nbsp;</strong></p><p><strong>&nbsp;</strong></p><p><strong>PRIMERA. DEL OBJETO.</strong></p><p>El presente convenio tiene por objeto establecer las bases para la coordinación y colaboración entre <strong>“LAS PARTES”</strong> para prestar servicio social, residencias profesionales, desarrollar y reforzar competencias profesionales específicas en un ambiente académico-laboral, en lo sucesivo <strong>“LOS PROGRAMAS Y PROYECTOS”</strong> que contribuyan al mejor logro de los propósitos que cada una persigue, así como desarrollar las habilidades de las personas que cursen educación superior en lo sucesivo <strong>“EL ALUMNADO”</strong> de <strong>(LA UNIDAD ACADEMICA DE TEQUILA)</strong> permita facilitar su incorporación a los sectores, social, productivo y laboral.</p><p>&nbsp;</p><p>El desarrollo de <strong>“LOS PROGRAMAS Y PROYECTOS”</strong> debe ser en primera instancia en beneficio de <strong>“EL ALUMNADO” </strong>y en segunda instancia en beneficio de <strong>“LAS PARTES”, </strong>para lo cual <strong>“EL ALUMNADO” </strong>realizará los reportes pertinentes de las actividades desarrolladas de acuerdo a los objetivos del <strong>“TSJ” </strong>y de <strong>(\"NOMBRE DE LA EMPRESA”)</strong>.<strong> </strong>firmados por su asesor.</p><p><strong>&nbsp;</strong></p><p><strong>SEGUNDA. DE LOS PROGRAMAS Y PROYECTOS. </strong>Se entenderá para el presente instrumento como los programas y proyectos las acciones siguientes:</p><p>&nbsp;</p><p><strong>&nbsp;&nbsp;&nbsp;&nbsp;&nbsp; I.&nbsp;&nbsp;&nbsp;&nbsp;&nbsp;&nbsp;&nbsp;&nbsp; Prestación de Servicio Social:</strong> Colaborar <strong>“LAS PARTES”</strong> con “<strong>EL ALUMNADO”, </strong>para realizar la actividad formativa y temporal obligatoria para que estos complementen su formación profesional de los conocimientos adquiridos en el programa académico que cursan y asignar actividades para que las puedan llevar a cabo en las instalaciones de <strong>(\"NOMBRE DE LA EMPRESA”)</strong>., así como cumplir requisitos en los términos de la normatividad vigente.</p><p><strong>&nbsp;&nbsp;&nbsp;&nbsp; II.&nbsp;&nbsp;&nbsp;&nbsp;&nbsp;&nbsp;&nbsp;&nbsp; Residencia Profesional: </strong>Colaborar <strong>“LAS PARTES”</strong> con “<strong>EL ALUMNADO”, </strong>para realizar el desarrollo de proyectos productivos para <strong>(\"NOMBRE DE LA EMPRESA”)</strong>. que sea a fin a su perfil profesional y programa académico que cursan y asignar actividades para las puedan llevar a cabo en las instalaciones de <strong>(\"NOMBRE DE LA EMPRESA”)</strong>. para desarrollar habilidades y capacidades, así como cumplir requisitos en los términos de la normatividad vigente.</p><p><strong>&nbsp;&nbsp; III.&nbsp;&nbsp;&nbsp;&nbsp;&nbsp;&nbsp;&nbsp;&nbsp; Modalidad Educación Dual: </strong>Colaborar <strong>“LAS PARTES”</strong> en sus respectivos ámbitos de competencia con “<strong>EL ALUMNADO”, </strong>para construir, desarrollar, reforzar la teoría y la práctica de sus habilidades profesionales con un ambiente académico-laboral en <strong>(\"NOMBRE DE LA EMPRESA”)</strong>.</p><p><strong>&nbsp;</strong></p><p><strong>TERCERA. DE LOS COMPROMISOS. </strong>Para la realización del objeto del presente instrumento,<strong> “LAS PARTES” </strong>se comprometen a:</p><p><strong>&nbsp;</strong></p><p>a)&nbsp;&nbsp;&nbsp; Permitir al personal el acceso a sus instalaciones, y facilitar el uso de equipos, instrumentos y fuentes de información de acuerdo a su disponibilidad y condiciones de la operación para cumplir con el objeto del presente convenio.</p><p>&nbsp;</p><p>b)&nbsp;&nbsp;&nbsp; Coordinar la colaboración necesaria para el desarrollo de las acciones derivadas del presente convenio.</p><p>&nbsp;</p><p>c)&nbsp;&nbsp;&nbsp;&nbsp; Desarrollar <strong>“LOS PROGRAMAS Y PROYECTOS”</strong> encaminados a la innovación y desarrollo tecnológico de manera conjunta para contribuir a la solución de problemas regionales, y proporcionar servicios tecnológicos y/o trabajos técnicos especializados de acuerdo a las necesidades y requerimientos de la región.</p><p>&nbsp;</p><p>d)&nbsp;&nbsp;&nbsp; En medida de sus posibilidades se podrán donar equipo para la realización de prácticas escolares, uso en oficinas o cualquier índole que sea en beneficio de la institución.</p><p>&nbsp;</p><p><strong>CUARTA. </strong>Para efectos del presente instrumento, <strong>“LAS PARTES”</strong> se obligan a:</p><p>&nbsp;</p><p><strong>&nbsp;&nbsp;&nbsp;&nbsp;&nbsp; I.&nbsp;&nbsp;&nbsp;&nbsp;&nbsp;&nbsp;&nbsp;&nbsp; POR PARTE DE</strong> <strong>(\"NOMBRE DE LA EMPRESA”)</strong>.</p><p>&nbsp;</p><p><strong>a)&nbsp;&nbsp;&nbsp; </strong>Dar de conocimiento a <strong>“EL ALUMNADO”</strong> la normatividad de <strong>(\"NOMBRE DE LA EMPRESA”)</strong>.</p><p><strong>b)&nbsp;&nbsp;&nbsp; </strong>Garantizar trato digno de “<strong>EL ALUMNADO”.</strong></p><p><strong>c)&nbsp;&nbsp;&nbsp; </strong>Asignar áreas específicas, equipo e infraestructura, para el desarrollo de las actividades de <strong>“LOS PROGRAMAS Y PROYECTOS”</strong>.</p><p><strong>d)&nbsp;&nbsp;&nbsp; </strong>Apoyar las actividades de enseñanza- aprendizaje de <strong>“EL ALUMNADO” </strong>de acuerdo al programa educativo del <strong>“TSJ”</strong> y al programa operativo de <strong>(\"NOMBRE DE LA EMPRESA”)</strong>.</p><p><strong>e)&nbsp;&nbsp;&nbsp; </strong>Ofertar el número de plazas para <strong>“LOS PROGRAMAS Y PROYECTOS”</strong> de acuerdo al cupo de <strong>“EL ALUMNADO”</strong> y la afluencia de actividades de planeación, operación y supervisión de <strong>(\"NOMBRE DE LA EMPRESA”)</strong>.</p><p><strong>f)&nbsp;&nbsp;&nbsp;&nbsp;&nbsp; </strong>Proporcionar carta de aceptación a <strong>“EL ALUMNADO”</strong> del <strong>“TSJ”</strong> que realice trámites para realizar <strong>“LOS PROGRAMAS Y PROYECTOS”</strong>.</p><p><strong>g)&nbsp;&nbsp;&nbsp; </strong>Aceptar que el personal docente específico asignado, supervise <strong>“LOS PROGRAMAS Y PROYECTOS”</strong> de <strong>“EL ALUMNADO”.</strong></p><p><strong>h)&nbsp;&nbsp;&nbsp; </strong>Supervisar, evaluar y firmar los reportes que presenten <strong>“EL ALUMNADO” </strong>respecto de las actividades realizadas para desarrollo de <strong>“LOS PROGRAMAS Y PROYECTOS” </strong>cuando se requiera.</p><p><strong>i)&nbsp;&nbsp;&nbsp;&nbsp;&nbsp; </strong>Presentar semestralmente por escrito al <strong>“TSJ”</strong> un informe sobre el desarrollo de <strong>“LOS PROGRAMAS Y PROYECTOS” </strong>de <strong>“EL ALUMNADO” </strong>cuando se requiera.</p><p><strong>j)&nbsp;&nbsp;&nbsp;&nbsp;&nbsp; </strong>Dictar las disposiciones correspondientes para brindar las facilidades administrativas necesarias para alcanzar los objetivos descritos con anterioridad.</p><p><strong>k)&nbsp;&nbsp;&nbsp; </strong>Garantizar a <strong>“EL ALUMNADO”</strong> la seguridad dentro de sus instalaciones y en caso de ser necesario proporcionar un seguro de gastos médicos cuando los riesgos, sean mayores a las labores propias del trabajo de <strong>“LOS PROGRAMAS Y PROYECTOS” </strong>encomendadas por el <strong>(\"NOMBRE DE LA EMPRESA”)</strong>.</p><p><strong>l)&nbsp;&nbsp;&nbsp;&nbsp;&nbsp; </strong>Garantizar confidencialidad a los proyectos desarrollados para el <strong>“TSJ”</strong>.</p><p><strong>m)&nbsp;&nbsp; </strong>Respetar la normatividad del <strong>“TSJ”</strong>.</p><p>&nbsp;</p><p><strong>&nbsp;&nbsp;&nbsp;&nbsp; II.&nbsp;&nbsp;&nbsp;&nbsp;&nbsp;&nbsp;&nbsp;&nbsp; POR PARTE DEL “TSJ”:</strong></p><p>&nbsp;</p><p><strong>a)&nbsp;&nbsp;&nbsp; </strong>Informar y acompañar a <strong>“EL ALUMNADO”</strong> previo, durante y posterior al proceso para realizar <strong>“LOS PROGRAMAS Y PROYECTOS” </strong>de conformidad con la normatividad aplicable.</p><p><strong>b)&nbsp;&nbsp;&nbsp; </strong>Proporcionar a <strong>“EL ALUMNADO”</strong> el Seguro Facultativo por escrito, mismo que será presentado a <strong>(\"NOMBRE DE LA EMPRESA”)</strong>.</p><p><strong>c)&nbsp;&nbsp;&nbsp; </strong>Proporcionar a <strong>(\"NOMBRE DE LA EMPRESA”)</strong>.<strong> </strong>la información que requiera para la operación de <strong>“LOS PROGRAMAS Y PROYECTOS”,</strong> así como también facilitar el uso de equipamiento e infraestructura física.</p><p><strong>d)&nbsp;&nbsp;&nbsp; </strong>Aceptar la participación de <strong>(\"NOMBRE DE LA EMPRESA”)</strong>.<strong> </strong>en la formulación del plan de actividades de prácticas de campo y profesionales.</p><p><strong>e)&nbsp;&nbsp;&nbsp; </strong>Revisar y actualizar anualmente los planes de actividades académicas de las prácticas.</p><p><strong>f)&nbsp;&nbsp;&nbsp;&nbsp;&nbsp; </strong>Contratar por su cuenta al docente o docentes, responsables del campo práctico, eximiendo desde luego <strong>(\"NOMBRE DE LA EMPRESA”)</strong>.de cualquier responsabilidad laboral, fiscal y de seguridad social que al respecto pudiera existir en relación con <strong>“EL ALUMNADO” </strong>y con el profesorado del campo práctico.</p><p><strong>g)&nbsp;&nbsp;&nbsp; </strong>Expedir la documentación necesaria a <strong>“EL ALUMNADO” </strong>para llevar a cabo el desarrollo de <strong>“LOS PROGRAMAS Y PROYECTOS”.</strong></p><p><strong>h)&nbsp;&nbsp;&nbsp; </strong>Supervisar y evaluar el rendimiento educativo de <strong>“EL ALUMNADO” </strong>basándose en la instrumentación que <strong>“LAS PARTES”</strong> determinen.</p><p><strong>i)&nbsp;&nbsp;&nbsp;&nbsp;&nbsp; </strong>Aceptar que <strong>“EL ALUMNADO”</strong> que cometan alguna falta a la reglamentación interior de <strong>(\"NOMBRE DE LA EMPRESA”)</strong>. durante su permanencia en las instalaciones, se harán acreedores a la aplicación de medidas disciplinarías correspondientes, las cuales serán impuestas por la misma en coordinación con el <strong>“TSJ”</strong>.</p><p><strong>j)&nbsp;&nbsp;&nbsp;&nbsp;&nbsp; </strong>Ofrecer confidencialidad a los proyectos desarrollados para <strong>(\"NOMBRE DE LA EMPRESA”)</strong>.</p><p><strong>k)&nbsp;&nbsp;&nbsp; </strong>Respetar la normatividad de <strong>(\"NOMBRE DE LA EMPRESA”)</strong>.</p><p>&nbsp;</p><p><strong>QUINTA.</strong> <strong>ENCARGADOS DEL SEGUIMIENTO. “LAS PARTES”</strong> convienen en designar para la realización cumplimiento, ejecución y consecución del objeto y compromisos acodados en el presente convenio a los siguientes encargados:</p><p>&nbsp;</p><p>&nbsp;&nbsp;&nbsp;&nbsp;&nbsp; I.&nbsp;&nbsp;&nbsp;&nbsp;&nbsp;&nbsp;&nbsp;&nbsp; Por <strong>(\"NOMBRE DE EMPRESA”)</strong> a la C. NOMBRE COMPLETO DE LA PERSONA QUE DARÁ SEGUIMIENTO A CONVENIO señalando como vía de comunicación el número de teléfono y cuenta de correo electrónico</p><p>&nbsp;</p><p>&nbsp;&nbsp;&nbsp;&nbsp; II.&nbsp;&nbsp;&nbsp;&nbsp;&nbsp;&nbsp;&nbsp;&nbsp; Por el <strong>“TSJ</strong>” a la jefatura de Planeación y Vinculación señalando como vía de comunicación 3747427288 Extensión # 6021 correo electrónico institucional, diego.velez@tequila.tecmm.edu.mx</p><p>&nbsp;</p><p><strong>SEXTA. RELACIONES LABORALES. “LAS PARTES”</strong> acuerdan que el personal asignado por cada una de ellas para la realización del presente convenio, así como <strong>“LOS PROGRAMAS Y PROYECTOS”</strong> que de éste deriven se entenderá relacionado exclusivamente con aquella que lo empleó. Por ende, cada una de ellas asumirá su responsabilidad por este concepto y en ningún caso el cumplimiento del objeto del presente acuerdo implicará relación laboral, obligación o compromiso alguno en este orden, por lo que no podrán ser considerados como patrones solidarios o sustitutos, asimismo por ser un instrumento de buena fe, no existe remuneración entre <strong>“LAS PARTES”</strong>.</p><p><strong>&nbsp;</strong></p><p><strong>“LAS</strong> <strong>PARTES”</strong> se comprometen a no intervenir en asuntos laborales y/o sindicales, ni en aquellos que competan a la operación particular de cada parte y sus trabajadores.</p><p><strong>&nbsp;</strong></p><p>Estas mismas disposiciones según corresponda serán aplicables a docentes o personal del instituto que efectúe <strong>“LOS PROGRAMAS Y PROYECTOS”.</strong></p><p><strong>&nbsp;</strong></p><p><strong>SÉPTIMA. RESPONSABILIDAD CIVIL. </strong>Queda expresamente pactado que <strong>“LAS PARTES”</strong> no tendrán responsabilidad civil por los daños y perjuicios que pudieran causarse como consecuencia de caso fortuito o fuerza mayor, particularmente por el paro de labores académicas o administrativas, en virtud de lo cual pudieran encontrarse impedidas para cumplir oportunamente con los compromisos derivados del objeto y alcances de este convenio.</p><p>&nbsp;</p><p>En caso de interrupción de actividades por esta causa, <strong>“LAS</strong> <strong>PARTES”</strong> se comprometen a reiniciar sus actividades inmediatamente después de que las causas de fuerza mayor hayan desaparecido en la forma y términos que las mismas determinen.</p><p><strong>&nbsp;</strong></p><p><strong>OCTAVA. CONFIDENCIALIDAD Y RESERVA DE LA INFORMACIÓN </strong>Toda la información, documentación o los datos que <strong>“LAS PARTES”</strong> generen, se entreguen o divulguen por cualquier medio y con motivo del presente convenio, será considerada por <strong>“LAS PARTES”</strong> como Información Pública, a excepción de&nbsp; aquella información o datos que contenga información confidencial, reservada, se haya clasificado o identificado por cualquiera de las partes al momento de la entrega, con la leyenda de “Información Confidencial”, está protegida por derechos de autor y/o propiedad intelectual ésta deberá de ser preservada en confidencialidad, y en consecuencia no podrá ser duplicada, reproducida, divulgada, enajenada o transferida a ningún tercero, sin previa autorización por escrito de la parte que haya entregado la información conforme a la Ley General de Transparencia y Acceso a la Información Pública, Ley General de Protección de Datos Personales en Posesión de Sujetos Obligados, así como sus símiles en el Estado de Jalisco además de cualquier otra normatividad en la materia, para con esto garantizar los derechos humanos de Acceso a la Información, Transparencia y Protección de Datos personales.</p><p>&nbsp;</p><p><strong>“LAS PARTES”</strong> manifiestan tener conocimiento de que están sujetas a las disposiciones contenidas en la legislación en materia de acceso a la información pública, así como a la específica en protección de datos personales en posesión de sujetos obligados, y que cuentan con diversas obligaciones para el cumplimiento de dichas normatividades, entre las que destacan la publicación de convenios, contratos y demás instrumentos jurídicos que celebren.</p><p>&nbsp;</p><p>En este contexto, <strong>“LAS PARTES”</strong> manifiestan su consentimiento expreso para que al presente convenio se le dé la publicidad que la legislación invocada disponga, en las formas que la misma determine. Así mismo <strong>(\"TEQUILA LOS ABUELOS SA DE CV”)</strong> se obliga a entregar a el <strong>“TSJ”</strong> la información o documentación que le sea solicitada con motivo de la ejecución del presente convenio.</p><p>&nbsp;</p><p>Cualquier información y/o documentación que <strong>“LAS PARTES”</strong>, se transfieran, se proporcionen o revelen, incluyendo información de carácter técnica, estratégica, estadística, y/o comercial, no deberá usarse dicha información para cualquier otro propósito distinto que no sea para el cumplimiento de las obligaciones pactadas en el presente convenio, absteniéndose de divulgar dicha información por cualquier medio como lo son, en forma enunciativa más no limitativa, las publicaciones, conferencias, o bien proporcionarse a cualquier tercero sin el consentimiento previo y por escrito de <strong>“LAS PARTES”.</strong></p><p>&nbsp;</p><p>Así mismo tanto <strong>(\"TEQUILA LOS ABUELOS SA DE CV”)</strong>&nbsp; como su personal deberán mantener estricta confidencialidad sobre la información que llegasen a tener conocimiento ya sea porque fue proporcionada por el <strong>“TSJ”</strong> o aquella que resulte de las funciones objeto de este convenio, asegurándose de no revelar a terceros ninguna información o datos respecto al objeto señalado en la <strong>CLÁUSULA</strong> <strong>PRIMERA</strong> del presente convenio so-pena de recibir las sanciones tanto económicas como legales correspondientes, salvo la información que le sea requerida por ser sujeto obligado a la legislación en materia de acceso a la información.</p><p><strong>NOVENA.</strong> <strong>DE LA PROPIEDAD PATRIMONIAL E INTELECTUAL.</strong> Los derechos de propiedad intelectual que pudieran surgir con motivos de las actividades desarrolladas y derivadas del objeto del presente instrumento, (publicaciones de diversas categorías, artículos, folletos, entre otros; así como las coproducciones y su difusión), estarán sujetos a las disposiciones legales aplicables y a los convenios específicos de colaboración que sobre el particular suscriban <strong>“LAS PARTES”</strong>, otorgando el reconocimiento correspondiente a quienes hayan intervenido en la ejecución de dichas actividades.</p><p><strong>DÉCIMA. VIGENCIA. </strong>Se establece que la vigencia del presente instrumento surtirá sus efectos a partir de la fecha de su última firma, su duración será hasta el término de la presente administración constitucional estatal y <strong>“LAS PARTES”</strong> podrán de común acuerdo realizar convenios específicos y en todo tiempo modificar el contenido del convenio o darlo por terminado de manera anticipada sin necesidad de resolución judicial, toda vez que no se lleven a cabo los trabajos y objetivos en este convenio de colaboración, notificando mediante aviso por escrito a la otra parte con por lo menos treinta días de anticipación.</p><p>No obstante, lo anterior, la terminación anticipada o de la vigencia del presente convenio, no afectara a <strong>“EL ALUMNADO”</strong> que se encuentren llevando a cabo <strong>“LOS PROGRAMAS Y PROYECTOS”</strong> en las instalaciones de <strong>(\"TEQUILA LOS ABUELOS SA DE CV”)</strong>, por lo tanto, en ese supuesto, se cumplirán todas las obligaciones derivadas de este instrumento hasta que <strong>“EL ALUMNADO”</strong> que se encuentren realizando su servicio social o residencias profesionales lo concluyan.</p><p><strong>DÉCIMA PRIMERA. CESIÓN DE DERECHOS Y OBLIGACIONES. </strong>Ninguna de <strong>“LAS PARTES”</strong> podrá ceder o transferir los derechos y obligaciones derivadas del presente convenio.</p><p><strong>DÉCIMA SEGUNDA.&nbsp; NO TRANSFERENCIA DE FONDOS.&nbsp; </strong>Este convenio de colaboración y vinculación no obliga a ninguna de <strong>“LAS PARTES”</strong> a proporcionar financiamiento de cualquier tipo a la otra, incluyendo apoyo de personal o para la recaudación de fondos. Cualquier transferencia de recursos entre <strong>“LAS PARTES”</strong>, será objeto de un convenio independiente, con inclusión de cláusulas y otras condiciones según el procedimiento interno de cada parte y será debidamente firmado por las mismas.</p><p><strong>DÉCIMA TERCERA. DE LA FORMA DE RESOLVER LAS CONTROVERSIAS.&nbsp; “LAS PARTES” </strong>manifiestan que la firma de este convenio y los compromisos contraído en él, son producto de su buena fe, por lo que realizan todas las acciones necesarias para su debido cumplimiento; en caso de presentarse alguna diferencia con motivo de la interpretación, cumplimiento o ejecución, o asuntos que no se encuentren expresamente previstos en el presente convenio, <strong>“LAS PARTES” </strong>lo resolverán por mutuo acuerdo, en el entendido de que las decisiones que se tomen deberán hacerse por escrito y estarán firmadas por cada uno de sus representantes, anexando dichos acuerdos al presente convenio, para formar parte integrante del mismo.&nbsp;</p><p><strong>“LAS PARTES”</strong> acuerdan someter a mediación en primer lugar cualquier controversia que pueda suscitarse con motivo de la interpretación, ejecución, validez, eficacia o cualquier otra contingencia que se relacione directa o indirectamente con el presente convenio, así como la reparación de los daños y perjuicios que pudieran derivar de su incumplimiento.</p><p>El proceso de mediación se desarrollará en el Instituto de Justicia Alternativa del Estado de Jalisco, así pues, las partes declaran conocer y aceptar considerándolo parte integrante del presente convenio.</p><p>No obstante, al no ser posible lo anterior, se aplicará la legislación civil vigente del Estado de Jalisco, y se sujetaran a los Tribunales del Primer Partido Judicial del Estado de Jalisco; renunciando a la Jurisdicción o Fuero que, por razón de su domicilio actual o futuro, o que, por cualquier otra causa, pudiere corresponderles.</p><p>Previa lectura y con pleno conocimiento de su contenido, se extiende por <strong>triplicado</strong> el presente convenio que de conformidad suscriben las partes en la ciudad de Tequila, Jalisco, el día 13 de mayo 2025, conservando un ejemplar cada una de ellas.</p><p>&nbsp;</p><p>&nbsp;</p><p>&nbsp;</p><p>&nbsp;</p><p>&nbsp;</p><p>&nbsp;</p><p>&nbsp;</p><figure class=\"table\"><table><tbody><tr><td><p><strong>RAZÓN SOCIAL DE LA EMPRESA</strong></p><p><strong>&nbsp;</strong></p><p><strong>&nbsp;</strong></p></td><td>&nbsp;</td><td><strong>EL “TSJ”</strong></td></tr><tr><td><p>NOMBRE COMPLETO DE</p><p>REPRESENTANTE LEGAL</p></td><td>&nbsp;</td><td><p>EDUARDO DANIEL MIRAMONTES GARCÍA</p><p>DIRECTOR DE LA UNIDAD ACADÉMICA TEQIUILA</p></td></tr><tr><td colspan=\"3\"><p><strong>&nbsp;</strong></p><p><strong>&nbsp;</strong></p><p><strong>TESTIGOS</strong></p></td></tr><tr><td><p>&nbsp;</p><p>&nbsp;</p></td><td>&nbsp;</td><td>&nbsp;</td></tr><tr><td><p>NOMBRE</p><p>PUESTO</p></td><td>&nbsp;</td><td><p>&nbsp;DIEGO IVÁN VELEZ SANCHEZ</p><p>JEFA DE DEPARTAMENTO DE PLANEACIÓN Y VINCULACIÓN</p><p>&nbsp;</p></td></tr></tbody></table></figure><p>&nbsp;</p><p>Convenio de Colaboración celebrado entre (“Nombre de la Empresa”) y el Instituto Tecnológico José Mario Molina Pasquel y Henríquez</p>',NULL,'2025-12-08 01:34:40','2025-12-08 07:08:18'),(2,'V2','Machote Padre con Variables','vigente','<p>LOGOTIPO DE LA EMPRESA</p><p>&nbsp;</p><p>&nbsp;</p><p>CONVENIO&nbsp; DE COLABORACIÓN Y VINCULACIÓN QUE CELEBRAN POR UNA PARTE <strong>EL INSTITUTO TECNOLÓGICO JOSÉ MARIO MOLINA PASQUEL Y HENRÍQUEZ</strong> REPRESENTADO EN ESTE ACTO POR <strong>(MTRO. EDUARDO DANIEL MIRAMONTES GARCIA)</strong>, EN SU CARÁCTER DE <strong>(DIRECTOR DE LA UNIDAD ACDÉMICA TEQUILA)</strong>, QUE EN LO SUCESIVO SE DENOMINARÁ COMO EL <strong>“TSJ”</strong>, Y, POR OTRA PARTE, <strong>({{EMPRESA_NOMBRE}})</strong>, REPRESENTADO EN ESTE ACTO POR <strong>({{REPRESENTANTE_NOMBRE}})</strong>, EN SU CARÁCTER DE <strong>(REPRESENTANTE LEGAL DE LA EMPRESA)</strong>, A QUIÉN EN LO SUCESIVO SE LE DENOMINARÁ &nbsp;<strong>({{EMPRESA_NOMBRE}})</strong>, A LOS COMPARECIENTES EN CONJUNTO SE LES DENOMINARÁ COMO <strong>“LAS PARTES”</strong> QUIENES EN ESTE ACTO FORMALIZAN EL PRESENTE CONVENIO Y LO SUJETAN AL TENOR DE LAS SIGUIENTES DECLARACIONES Y CLÁUSULAS:</p><p><strong>&nbsp;</strong></p><p><strong>DECLARACIONES</strong></p><p><strong>&nbsp;</strong></p><p><strong>DECLARACIONES</strong></p><p><strong>&nbsp;I.&nbsp;&nbsp;&nbsp; Declara el “TSJ” por conducto de su representante legal que:</strong></p><p>I.1 Que es un organismo público descentralizado del Gobierno del Estado con personalidad jurídica y patrimonio propio, creado mediante decreto legislativo<strong> 25535/LX/15, del Congreso del Estado de Jalisco </strong>publicado en el periódico oficial El Estado de Jalisco con fecha de <strong>23 de agosto del 2016</strong>, cuya finalidad es la de prestar el servicio de educación superior tecnológica en el Estado de Jalisco.</p><p>I.2 Que tiene como objeto:</p><p>a.&nbsp;&nbsp; Formar profesionales de nivel superior que requiere el desarrollo del Estado de Jalisco y del país;</p><p>b.&nbsp;&nbsp; Realizar labores de investigación científica y tecnológica;</p><p>c.&nbsp;&nbsp; Extender los beneficios de la ciencia y de la tecnología hacia la sociedad;</p><p>d.&nbsp;&nbsp; Promover entre los miembros de su comunidad académica una formación armónica y equilibrada;</p><p>e.&nbsp;&nbsp; Participar en el proceso de creación, conservación, renovación y transmisión de la cultura de la ciencia, la tecnología y la innovación;</p><p>f.&nbsp;&nbsp;&nbsp;&nbsp; Impulsar las capacidades especializadas que requieren las cadenas productivas del ecosistema tecnológico; y</p><p>g.&nbsp;&nbsp; Los demás que señalen las leyes y reglamentos aplicables.</p><p><strong>&nbsp;</strong></p><p>I.3 Que como parte de su estructura y organización cuenta con las siguientes Unidades Académicas: Arandas, Chapala, Cocula, El Grullo, La Huerta, Lagos de Moreno, Mascota, Puerto Vallarta, San Juan de los Lagos, Tala, Tamazula, Tepatitlán de Morelos, Tequila, Tomatlán, Zapopan y Zapotlanejo, quienes son Unidades Académicas distribuidas en el territorio del Estado de Jalisco, a través de las cuales el Instituto realiza sus actividades y cumple con su objeto y fines.</p><p>&nbsp;</p><p>I.4 Mediante acuerdo de fecha 01 de mayo del 2025, el C. Gobernador Constitucional del Estado de Jalisco, Lic. Jesús Pablo Lemus Navarro, designó como Titular de la Dirección General del “INSTITUTO TECNOLÓGICO JOSÉ MARIO MOLINA PASQUEL Y HENRIQUEZ” a la C. Gloria Luz Rodríguez Gil.</p><p>&nbsp;</p><p>I.5 Que de conformidad por los artículos 21, 23 fracción II inciso a) de la Ley de Entidades Paraestatales del Estado de Jalisco; 23, 24 y 26 fracción X de la Ley Orgánica del In</p><p>&nbsp;</p><p>El \"<strong>TSJ</strong>\" comparece por conducto el Director de la Unidad Académica de (Tequila) el <strong>C. (Eduardo Daniel Miramontes García)</strong>, facultado por la Titular de la Dirección General del Instituto, mediante acuerdo ACU/TSJ/003/2025 de fecha 02 de mayo del 2025, para poder suscribir el presente instrumento.</p><p>&nbsp;</p><p>I.6 Que para efectos del presente convenio señala como domicilio para todos los efectos legales el ubicado en la calle Dr. Joel Magallanes Rubio número 501 en la colonia lomas del paraíso, en el municipio de Tequila, Jalisco, Código. Postal. 46400</p><p>&nbsp;</p><p><strong>II.&nbsp;&nbsp;&nbsp;&nbsp;&nbsp;&nbsp;&nbsp; Declara (NOMBRE COMPLETO DE LA EMPRESA) por conducto de su representante, que: {{REPRESENTANTE_NOMBRE}}</strong></p><p><strong>&nbsp;</strong></p><p>II.1.<strong> </strong>II.1<strong> </strong>Es un (empresa, dependencia, entidad, etc.) (fecha de creación) (documento que lo acredita, acta constitutive)</p><p>&nbsp;</p><p>II.2 La sociedad tiene por objeto: todo lo referente de acuerdo a su objeto social</p><p>&nbsp;</p><p>II.3 ({{REPRESENTANTE_NOMBRE}} y {{REPRESENTANTE_CARGO}}) (documentos que acredite su personalidad) (Sustento legal que le dé atribución de suscribir el convenio)</p><p>&nbsp;</p><p>&nbsp;</p><p>II.4 Que para efectos del presente convenio señala como domicilio para todos los efectos legales el ubicado en {{EMPRESA_DIRECCION}}, municipio de {{EMPRESA_MUNICIPIO}}, {{EMPRESA_ESTADO}}, C.P. {{EMPRESA_CP}}.</p><p>&nbsp;</p><p><strong>III.&nbsp;&nbsp;&nbsp;&nbsp;&nbsp;&nbsp;&nbsp; Declaran “LAS PARTES”:</strong></p><p><strong>&nbsp;</strong></p><p>III.1 Que la prestación del Servicio Social, Residencias Profesionales y Educación Dual a que se refiere el presente convenio, es el objeto principal del presente documento, así como de otorgar a <strong>“EL ALUMNADO”</strong> de nivel superior, la oportunidad de cumplir con este requisito, dentro del esquema que permita sentar bases su óptimo desarrollo profesional.</p><p>&nbsp;</p><p>III.2 Que se reconocen recíprocamente la personalidad y capacidad legal con la que comparecen a celebrar el presente convenio y manifiestan estar conforme con lo declarado por cada una de ellas en los capítulos respectivos.</p><p>&nbsp;</p><p>III.3 Estar comprometidos a colaborar juntos para desarrollar las mejoras que requiere el estado y el país.</p><p>&nbsp;</p><p>III.4 Que para el otorgamiento y suscripción del presente instrumento no existe dolo, error, mala fe o cualquier otro vicio de la voluntad que lo pudiera invalidar, por lo que tienen interés en establecer los términos y condiciones que se indican en las siguientes:</p><p>&nbsp;</p><p><strong>CLÁUSULAS</strong></p><p><strong>&nbsp;</strong></p><p><strong>&nbsp;</strong></p><p><strong>PRIMERA. DEL OBJETO.</strong></p><p>El presente convenio tiene por objeto establecer las bases para la coordinación y colaboración entre <strong>“LAS PARTES”</strong> para prestar servicio social, residencias profesionales, desarrollar y reforzar competencias profesionales específicas en un ambiente académico-laboral, en lo sucesivo <strong>“LOS PROGRAMAS Y PROYECTOS”</strong> que contribuyan al mejor logro de los propósitos que cada una persigue, así como desarrollar las habilidades de las personas que cursen educación superior en lo sucesivo <strong>“EL ALUMNADO”</strong> de <strong>(LA UNIDAD ACADEMICA DE TEQUILA)</strong> permita facilitar su incorporación a los sectores, social, productivo y laboral.</p><p>&nbsp;</p><p>El desarrollo de <strong>“LOS PROGRAMAS Y PROYECTOS”</strong> debe ser en primera instancia en beneficio de <strong>“EL ALUMNADO” </strong>y en segunda instancia en beneficio de <strong>“LAS PARTES”, </strong>para lo cual <strong>“EL ALUMNADO” </strong>realizará los reportes pertinentes de las actividades desarrolladas de acuerdo a los objetivos del <strong>“TSJ” </strong>y de <strong>(\"{{EMPRESA_NOMBRE}}”)</strong>.<strong> </strong>firmados por su asesor.</p><p><strong>&nbsp;</strong></p><p><strong>SEGUNDA. DE LOS PROGRAMAS Y PROYECTOS. </strong>Se entenderá para el presente instrumento como los programas y proyectos las acciones siguientes:</p><p>&nbsp;</p><p><strong>&nbsp;&nbsp;&nbsp;&nbsp;&nbsp; I.&nbsp;&nbsp;&nbsp;&nbsp;&nbsp;&nbsp;&nbsp;&nbsp; Prestación de Servicio Social:</strong> Colaborar <strong>“LAS PARTES”</strong> con “<strong>EL ALUMNADO”, </strong>para realizar la actividad formativa y temporal obligatoria para que estos complementen su formación profesional de los conocimientos adquiridos en el programa académico que cursan y asignar actividades para que las puedan llevar a cabo en las instalaciones de <strong>(\"{{EMPRESA_NOMBRE}}”)</strong>., así como cumplir requisitos en los términos de la normatividad vigente.</p><p><strong>&nbsp;&nbsp;&nbsp;&nbsp; II.&nbsp;&nbsp;&nbsp;&nbsp;&nbsp;&nbsp;&nbsp;&nbsp; Residencia Profesional: </strong>Colaborar <strong>“LAS PARTES”</strong> con “<strong>EL ALUMNADO”, </strong>para realizar el desarrollo de proyectos productivos para <strong>(\"NOMBRE DE LA EMPRESA”)</strong>. que sea a fin a su perfil profesional y programa académico que cursan y asignar actividades para las puedan llevar a cabo en las instalaciones de <strong>(\"NOMBRE DE LA EMPRESA”)</strong>. para desarrollar habilidades y capacidades, así como cumplir requisitos en los términos de la normatividad vigente.</p><p><strong>&nbsp;&nbsp; III.&nbsp;&nbsp;&nbsp;&nbsp;&nbsp;&nbsp;&nbsp;&nbsp; Modalidad Educación Dual: </strong>Colaborar <strong>“LAS PARTES”</strong> en sus respectivos ámbitos de competencia con “<strong>EL ALUMNADO”, </strong>para construir, desarrollar, reforzar la teoría y la práctica de sus habilidades profesionales con un ambiente académico-laboral en <strong>(\"NOMBRE DE LA EMPRESA”)</strong>.</p><p><strong>&nbsp;</strong></p><p><strong>TERCERA. DE LOS COMPROMISOS. </strong>Para la realización del objeto del presente instrumento,<strong> “LAS PARTES” </strong>se comprometen a:</p><p><strong>&nbsp;</strong></p><p>a)&nbsp;&nbsp;&nbsp; Permitir al personal el acceso a sus instalaciones, y facilitar el uso de equipos, instrumentos y fuentes de información de acuerdo a su disponibilidad y condiciones de la operación para cumplir con el objeto del presente convenio.</p><p>&nbsp;</p><p>b)&nbsp;&nbsp;&nbsp; Coordinar la colaboración necesaria para el desarrollo de las acciones derivadas del presente convenio.</p><p>&nbsp;</p><p>c)&nbsp;&nbsp;&nbsp;&nbsp; Desarrollar <strong>“LOS PROGRAMAS Y PROYECTOS”</strong> encaminados a la innovación y desarrollo tecnológico de manera conjunta para contribuir a la solución de problemas regionales, y proporcionar servicios tecnológicos y/o trabajos técnicos especializados de acuerdo a las necesidades y requerimientos de la región.</p><p>&nbsp;</p><p>d)&nbsp;&nbsp;&nbsp; En medida de sus posibilidades se podrán donar equipo para la realización de prácticas escolares, uso en oficinas o cualquier índole que sea en beneficio de la institución.</p><p>&nbsp;</p><p><strong>CUARTA. </strong>Para efectos del presente instrumento, <strong>“LAS PARTES”</strong> se obligan a:</p><p>&nbsp;</p><p><strong>&nbsp;&nbsp;&nbsp;&nbsp;&nbsp; I.&nbsp;&nbsp;&nbsp;&nbsp;&nbsp;&nbsp;&nbsp;&nbsp; POR PARTE DE</strong> <strong>(\"{{EMPRESA_NOMBRE}}”)</strong>.</p><p>&nbsp;</p><p><strong>a)&nbsp;&nbsp;&nbsp; </strong>Dar de conocimiento a <strong>“EL ALUMNADO”</strong> la normatividad de <strong>(\"{{EMPRESA_NOMBRE}}”)</strong>.</p><p><strong>b)&nbsp;&nbsp;&nbsp; </strong>Garantizar trato digno de “<strong>EL ALUMNADO”.</strong></p><p><strong>c)&nbsp;&nbsp;&nbsp; </strong>Asignar áreas específicas, equipo e infraestructura, para el desarrollo de las actividades de <strong>“LOS PROGRAMAS Y PROYECTOS”</strong>.</p><p><strong>d)&nbsp;&nbsp;&nbsp; </strong>Apoyar las actividades de enseñanza- aprendizaje de <strong>“EL ALUMNADO” </strong>de acuerdo al programa educativo del <strong>“TSJ”</strong> y al programa operativo de <strong>(\"{{EMPRESA_NOMBRE}}”)</strong>.</p><p><strong>e)&nbsp;&nbsp;&nbsp; </strong>Ofertar el número de plazas para <strong>“LOS PROGRAMAS Y PROYECTOS”</strong> de acuerdo al cupo de <strong>“EL ALUMNADO”</strong> y la afluencia de actividades de planeación, operación y supervisión de <strong>(\"NOMBRE DE LA EMPRESA”)</strong>.</p><p><strong>f)&nbsp;&nbsp;&nbsp;&nbsp;&nbsp; </strong>Proporcionar carta de aceptación a <strong>“EL ALUMNADO”</strong> del <strong>“TSJ”</strong> que realice trámites para realizar <strong>“LOS PROGRAMAS Y PROYECTOS”</strong>.</p><p><strong>g)&nbsp;&nbsp;&nbsp; </strong>Aceptar que el personal docente específico asignado, supervise <strong>“LOS PROGRAMAS Y PROYECTOS”</strong> de <strong>“EL ALUMNADO”.</strong></p><p><strong>h)&nbsp;&nbsp;&nbsp; </strong>Supervisar, evaluar y firmar los reportes que presenten <strong>“EL ALUMNADO” </strong>respecto de las actividades realizadas para desarrollo de <strong>“LOS PROGRAMAS Y PROYECTOS” </strong>cuando se requiera.</p><p><strong>i)&nbsp;&nbsp;&nbsp;&nbsp;&nbsp; </strong>Presentar semestralmente por escrito al <strong>“TSJ”</strong> un informe sobre el desarrollo de <strong>“LOS PROGRAMAS Y PROYECTOS” </strong>de <strong>“EL ALUMNADO” </strong>cuando se requiera.</p><p><strong>j)&nbsp;&nbsp;&nbsp;&nbsp;&nbsp; </strong>Dictar las disposiciones correspondientes para brindar las facilidades administrativas necesarias para alcanzar los objetivos descritos con anterioridad.</p><p><strong>k)&nbsp;&nbsp;&nbsp; </strong>Garantizar a <strong>“EL ALUMNADO”</strong> la seguridad dentro de sus instalaciones y en caso de ser necesario proporcionar un seguro de gastos médicos cuando los riesgos, sean mayores a las labores propias del trabajo de <strong>“LOS PROGRAMAS Y PROYECTOS” </strong>encomendadas por el <strong>(\"NOMBRE DE LA EMPRESA”)</strong>.</p><p><strong>l)&nbsp;&nbsp;&nbsp;&nbsp;&nbsp; </strong>Garantizar confidencialidad a los proyectos desarrollados para el <strong>“TSJ”</strong>.</p><p><strong>m)&nbsp;&nbsp; </strong>Respetar la normatividad del <strong>“TSJ”</strong>.</p><p>&nbsp;</p><p><strong>&nbsp;&nbsp;&nbsp;&nbsp; II.&nbsp;&nbsp;&nbsp;&nbsp;&nbsp;&nbsp;&nbsp;&nbsp; POR PARTE DEL “TSJ”:</strong></p><p>&nbsp;</p><p><strong>a)&nbsp;&nbsp;&nbsp; </strong>Informar y acompañar a <strong>“EL ALUMNADO”</strong> previo, durante y posterior al proceso para realizar <strong>“LOS PROGRAMAS Y PROYECTOS” </strong>de conformidad con la normatividad aplicable.</p><p><strong>b)&nbsp;&nbsp;&nbsp; </strong>Proporcionar a <strong>“EL ALUMNADO”</strong> el Seguro Facultativo por escrito, mismo que será presentado a <strong>(\"{{EMPRESA_NOMBRE}}”)</strong>.</p><p><strong>c)&nbsp;&nbsp;&nbsp; </strong>Proporcionar a <strong>(\"{{EMPRESA_NOMBRE}}”)</strong>.<strong> </strong>la información que requiera para la operación de <strong>“LOS PROGRAMAS Y PROYECTOS”,</strong> así como también facilitar el uso de equipamiento e infraestructura física.</p><p><strong>d)&nbsp;&nbsp;&nbsp; </strong>Aceptar la participación de <strong>(\"NOMBRE DE LA EMPRESA”)</strong>.<strong> </strong>en la formulación del plan de actividades de prácticas de campo y profesionales.</p><p><strong>e)&nbsp;&nbsp;&nbsp; </strong>Revisar y actualizar anualmente los planes de actividades académicas de las prácticas.</p><p><strong>f)&nbsp;&nbsp;&nbsp;&nbsp;&nbsp; </strong>Contratar por su cuenta al docente o docentes, responsables del campo práctico, eximiendo desde luego <strong>(\"{{EMPRESA_NOMBRE}}”)</strong>.de cualquier responsabilidad laboral, fiscal y de seguridad social que al respecto pudiera existir en relación con <strong>“EL ALUMNADO” </strong>y con el profesorado del campo práctico.</p><p><strong>g)&nbsp;&nbsp;&nbsp; </strong>Expedir la documentación necesaria a <strong>“EL ALUMNADO” </strong>para llevar a cabo el desarrollo de <strong>“LOS PROGRAMAS Y PROYECTOS”.</strong></p><p><strong>h)&nbsp;&nbsp;&nbsp; </strong>Supervisar y evaluar el rendimiento educativo de <strong>“EL ALUMNADO” </strong>basándose en la instrumentación que <strong>“LAS PARTES”</strong> determinen.</p><p><strong>i)&nbsp;&nbsp;&nbsp;&nbsp;&nbsp; </strong>Aceptar que <strong>“EL ALUMNADO”</strong> que cometan alguna falta a la reglamentación interior de <strong>(\"{{EMPRESA_NOMBRE}}”)</strong>. durante su permanencia en las instalaciones, se harán acreedores a la aplicación de medidas disciplinarías correspondientes, las cuales serán impuestas por la misma en coordinación con el <strong>“TSJ”</strong>.</p><p><strong>j)&nbsp;&nbsp;&nbsp;&nbsp;&nbsp; </strong>Ofrecer confidencialidad a los proyectos desarrollados para <strong>(\"{{EMPRESA_NOMBRE}}”)</strong>.</p><p><strong>k)&nbsp;&nbsp;&nbsp; </strong>Respetar la normatividad de <strong>(\"{{EMPRESA_NOMBRE}}”)</strong>.</p><p>&nbsp;</p><p><strong>QUINTA.</strong> <strong>ENCARGADOS DEL SEGUIMIENTO. “LAS PARTES”</strong> convienen en designar para la realización cumplimiento, ejecución y consecución del objeto y compromisos acodados en el presente convenio a los siguientes encargados:</p><p>&nbsp;</p><p>&nbsp;&nbsp;&nbsp;&nbsp;&nbsp; I.&nbsp;&nbsp;&nbsp;&nbsp;&nbsp;&nbsp;&nbsp;&nbsp; Por <strong>(\"{{EMPRESA_NOMBRE}}”)</strong> a la C. NOMBRE COMPLETO DE LA PERSONA QUE DARÁ SEGUIMIENTO A CONVENIO señalando como vía de comunicación el número de teléfono y cuenta de correo electrónico</p><p>&nbsp;</p><p>&nbsp;&nbsp;&nbsp;&nbsp; II.&nbsp;&nbsp;&nbsp;&nbsp;&nbsp;&nbsp;&nbsp;&nbsp; Por el <strong>“TSJ</strong>” a la jefatura de Planeación y Vinculación señalando como vía de comunicación 3747427288 Extensión # 6021 correo electrónico institucional, diego.velez@tequila.tecmm.edu.mx</p><p>&nbsp;</p><p><strong>SEXTA. RELACIONES LABORALES. “LAS PARTES”</strong> acuerdan que el personal asignado por cada una de ellas para la realización del presente convenio, así como <strong>“LOS PROGRAMAS Y PROYECTOS”</strong> que de éste deriven se entenderá relacionado exclusivamente con aquella que lo empleó. Por ende, cada una de ellas asumirá su responsabilidad por este concepto y en ningún caso el cumplimiento del objeto del presente acuerdo implicará relación laboral, obligación o compromiso alguno en este orden, por lo que no podrán ser considerados como patrones solidarios o sustitutos, asimismo por ser un instrumento de buena fe, no existe remuneración entre <strong>“LAS PARTES”</strong>.</p><p><strong>&nbsp;</strong></p><p><strong>“LAS</strong> <strong>PARTES”</strong> se comprometen a no intervenir en asuntos laborales y/o sindicales, ni en aquellos que competan a la operación particular de cada parte y sus trabajadores.</p><p><strong>&nbsp;</strong></p><p>Estas mismas disposiciones según corresponda serán aplicables a docentes o personal del instituto que efectúe <strong>“LOS PROGRAMAS Y PROYECTOS”.</strong></p><p><strong>&nbsp;</strong></p><p><strong>SÉPTIMA. RESPONSABILIDAD CIVIL. </strong>Queda expresamente pactado que <strong>“LAS PARTES”</strong> no tendrán responsabilidad civil por los daños y perjuicios que pudieran causarse como consecuencia de caso fortuito o fuerza mayor, particularmente por el paro de labores académicas o administrativas, en virtud de lo cual pudieran encontrarse impedidas para cumplir oportunamente con los compromisos derivados del objeto y alcances de este convenio.</p><p>&nbsp;</p><p>En caso de interrupción de actividades por esta causa, <strong>“LAS</strong> <strong>PARTES”</strong> se comprometen a reiniciar sus actividades inmediatamente después de que las causas de fuerza mayor hayan desaparecido en la forma y términos que las mismas determinen.</p><p><strong>&nbsp;</strong></p><p><strong>OCTAVA. CONFIDENCIALIDAD Y RESERVA DE LA INFORMACIÓN </strong>Toda la información, documentación o los datos que <strong>“LAS PARTES”</strong> generen, se entreguen o divulguen por cualquier medio y con motivo del presente convenio, será considerada por <strong>“LAS PARTES”</strong> como Información Pública, a excepción de&nbsp; aquella información o datos que contenga información confidencial, reservada, se haya clasificado o identificado por cualquiera de las partes al momento de la entrega, con la leyenda de “Información Confidencial”, está protegida por derechos de autor y/o propiedad intelectual ésta deberá de ser preservada en confidencialidad, y en consecuencia no podrá ser duplicada, reproducida, divulgada, enajenada o transferida a ningún tercero, sin previa autorización por escrito de la parte que haya entregado la información conforme a la Ley General de Transparencia y Acceso a la Información Pública, Ley General de Protección de Datos Personales en Posesión de Sujetos Obligados, así como sus símiles en el Estado de Jalisco además de cualquier otra normatividad en la materia, para con esto garantizar los derechos humanos de Acceso a la Información, Transparencia y Protección de Datos personales.</p><p>&nbsp;</p><p><strong>“LAS PARTES”</strong> manifiestan tener conocimiento de que están sujetas a las disposiciones contenidas en la legislación en materia de acceso a la información pública, así como a la específica en protección de datos personales en posesión de sujetos obligados, y que cuentan con diversas obligaciones para el cumplimiento de dichas normatividades, entre las que destacan la publicación de convenios, contratos y demás instrumentos jurídicos que celebren.</p><p>&nbsp;</p><p>En este contexto, <strong>“LAS PARTES”</strong> manifiestan su consentimiento expreso para que al presente convenio se le dé la publicidad que la legislación invocada disponga, en las formas que la misma determine. Así mismo <strong>(\"TEQUILA LOS ABUELOS SA DE CV”)</strong> se obliga a entregar a el <strong>“TSJ”</strong> la información o documentación que le sea solicitada con motivo de la ejecución del presente convenio.</p><p>&nbsp;</p><p>Cualquier información y/o documentación que <strong>“LAS PARTES”</strong>, se transfieran, se proporcionen o revelen, incluyendo información de carácter técnica, estratégica, estadística, y/o comercial, no deberá usarse dicha información para cualquier otro propósito distinto que no sea para el cumplimiento de las obligaciones pactadas en el presente convenio, absteniéndose de divulgar dicha información por cualquier medio como lo son, en forma enunciativa más no limitativa, las publicaciones, conferencias, o bien proporcionarse a cualquier tercero sin el consentimiento previo y por escrito de <strong>“LAS PARTES”.</strong></p><p>&nbsp;</p><p>Así mismo tanto <strong>(\"TEQUILA LOS ABUELOS SA DE CV”)</strong>&nbsp; como su personal deberán mantener estricta confidencialidad sobre la información que llegasen a tener conocimiento ya sea porque fue proporcionada por el <strong>“TSJ”</strong> o aquella que resulte de las funciones objeto de este convenio, asegurándose de no revelar a terceros ninguna información o datos respecto al objeto señalado en la <strong>CLÁUSULA</strong> <strong>PRIMERA</strong> del presente convenio so-pena de recibir las sanciones tanto económicas como legales correspondientes, salvo la información que le sea requerida por ser sujeto obligado a la legislación en materia de acceso a la información.</p><p><strong>NOVENA.</strong> <strong>DE LA PROPIEDAD PATRIMONIAL E INTELECTUAL.</strong> Los derechos de propiedad intelectual que pudieran surgir con motivos de las actividades desarrolladas y derivadas del objeto del presente instrumento, (publicaciones de diversas categorías, artículos, folletos, entre otros; así como las coproducciones y su difusión), estarán sujetos a las disposiciones legales aplicables y a los convenios específicos de colaboración que sobre el particular suscriban <strong>“LAS PARTES”</strong>, otorgando el reconocimiento correspondiente a quienes hayan intervenido en la ejecución de dichas actividades.</p><p><strong>DÉCIMA. VIGENCIA. </strong>Se establece que la vigencia del presente instrumento surtirá sus efectos a partir de la fecha de su última firma, su duración será hasta el término de la presente administración constitucional estatal y <strong>“LAS PARTES”</strong> podrán de común acuerdo realizar convenios específicos y en todo tiempo modificar el contenido del convenio o darlo por terminado de manera anticipada sin necesidad de resolución judicial, toda vez que no se lleven a cabo los trabajos y objetivos en este convenio de colaboración, notificando mediante aviso por escrito a la otra parte con por lo menos treinta días de anticipación.</p><p>No obstante, lo anterior, la terminación anticipada o de la vigencia del presente convenio, no afectara a <strong>“EL ALUMNADO”</strong> que se encuentren llevando a cabo <strong>“LOS PROGRAMAS Y PROYECTOS”</strong> en las instalaciones de <strong>(\"TEQUILA LOS ABUELOS SA DE CV”)</strong>, por lo tanto, en ese supuesto, se cumplirán todas las obligaciones derivadas de este instrumento hasta que <strong>“EL ALUMNADO”</strong> que se encuentren realizando su servicio social o residencias profesionales lo concluyan.</p><p><strong>DÉCIMA PRIMERA. CESIÓN DE DERECHOS Y OBLIGACIONES. </strong>Ninguna de <strong>“LAS PARTES”</strong> podrá ceder o transferir los derechos y obligaciones derivadas del presente convenio.</p><p><strong>DÉCIMA SEGUNDA.&nbsp; NO TRANSFERENCIA DE FONDOS.&nbsp; </strong>Este convenio de colaboración y vinculación no obliga a ninguna de <strong>“LAS PARTES”</strong> a proporcionar financiamiento de cualquier tipo a la otra, incluyendo apoyo de personal o para la recaudación de fondos. Cualquier transferencia de recursos entre <strong>“LAS PARTES”</strong>, será objeto de un convenio independiente, con inclusión de cláusulas y otras condiciones según el procedimiento interno de cada parte y será debidamente firmado por las mismas.</p><p><strong>DÉCIMA TERCERA. DE LA FORMA DE RESOLVER LAS CONTROVERSIAS.&nbsp; “LAS PARTES” </strong>manifiestan que la firma de este convenio y los compromisos contraído en él, son producto de su buena fe, por lo que realizan todas las acciones necesarias para su debido cumplimiento; en caso de presentarse alguna diferencia con motivo de la interpretación, cumplimiento o ejecución, o asuntos que no se encuentren expresamente previstos en el presente convenio, <strong>“LAS PARTES” </strong>lo resolverán por mutuo acuerdo, en el entendido de que las decisiones que se tomen deberán hacerse por escrito y estarán firmadas por cada uno de sus representantes, anexando dichos acuerdos al presente convenio, para formar parte integrante del mismo.&nbsp;</p><p><strong>“LAS PARTES”</strong> acuerdan someter a mediación en primer lugar cualquier controversia que pueda suscitarse con motivo de la interpretación, ejecución, validez, eficacia o cualquier otra contingencia que se relacione directa o indirectamente con el presente convenio, así como la reparación de los daños y perjuicios que pudieran derivar de su incumplimiento.</p><p>El proceso de mediación se desarrollará en el Instituto de Justicia Alternativa del Estado de Jalisco, así pues, las partes declaran conocer y aceptar considerándolo parte integrante del presente convenio.</p><p>No obstante, al no ser posible lo anterior, se aplicará la legislación civil vigente del Estado de Jalisco, y se sujetaran a los Tribunales del Primer Partido Judicial del Estado de Jalisco; renunciando a la Jurisdicción o Fuero que, por razón de su domicilio actual o futuro, o que, por cualquier otra causa, pudiere corresponderles.</p><p>Previa lectura y con pleno conocimiento de su contenido, se extiende por <strong>triplicado</strong> el presente convenio que de conformidad suscriben las partes en la ciudad de Tequila, Jalisco, el día 13 de mayo 2025, conservando un ejemplar cada una de ellas.</p><p>&nbsp;</p><p>&nbsp;</p><p>&nbsp;</p><p>&nbsp;</p><p>&nbsp;</p><p>&nbsp;</p><p>&nbsp;</p><figure class=\"table\"><table><tbody><tr><td><p><strong>RAZÓN SOCIAL DE LA EMPRESA</strong></p><p><strong>&nbsp;</strong></p><p><strong>&nbsp;</strong></p></td><td><strong>&nbsp;</strong></td><td><strong>EL “TSJ”</strong></td></tr><tr><td><p>NOMBRE COMPLETO DE</p><p>REPRESENTANTE LEGAL</p></td><td>&nbsp;</td><td><p>EDUARDO DANIEL MIRAMONTES GARCÍA</p><p>DIRECTOR DE LA UNIDAD ACADÉMICA TEQIUILA</p></td></tr><tr><td colspan=\"3\"><p><strong>&nbsp;</strong></p><p><strong>&nbsp;</strong></p><p><strong>TESTIGOS</strong></p></td></tr><tr><td><p>&nbsp;</p><p>&nbsp;</p></td><td>&nbsp;</td><td>&nbsp;</td></tr><tr><td><p>NOMBRE</p><p>PUESTO</p></td><td>&nbsp;</td><td><p>&nbsp;DIEGO IVÁN VELEZ SANCHEZ</p><p>JEFA DE DEPARTAMENTO DE PLANEACIÓN Y VINCULACIÓN</p><p>&nbsp;</p></td></tr></tbody></table></figure><p>&nbsp;</p><p>Convenio de Colaboración celebrado entre (“{{EMPRESA_NOMBRE}}”) y el Instituto Tecnológico José Mario Molina Pasquel y Henríquez</p>',NULL,'2025-12-08 07:08:04','2025-12-08 07:08:04');
/*!40000 ALTER TABLE `rp_machote` ENABLE KEYS */;
UNLOCK TABLES;

--
-- Table structure for table `rp_machote_comentario`
--

DROP TABLE IF EXISTS `rp_machote_comentario`;
/*!40101 SET @saved_cs_client     = @@character_set_client */;
/*!50503 SET character_set_client = utf8mb4 */;
CREATE TABLE `rp_machote_comentario` (
  `id` bigint NOT NULL AUTO_INCREMENT,
  `respuesta_a` bigint DEFAULT NULL,
  `machote_id` bigint NOT NULL,
  `usuario_id` bigint DEFAULT NULL,
  `autor_rol` enum('admin','empresa') COLLATE utf8mb4_general_ci DEFAULT 'empresa',
  `clausula` varchar(100) COLLATE utf8mb4_general_ci NOT NULL,
  `comentario` text COLLATE utf8mb4_general_ci NOT NULL,
  `archivo_path` varchar(255) COLLATE utf8mb4_general_ci DEFAULT NULL,
  `estatus` enum('pendiente','resuelto','Archivado') COLLATE utf8mb4_general_ci DEFAULT 'pendiente',
  `estatus_general` enum('Activo','Cerrado','Archivado') COLLATE utf8mb4_general_ci NOT NULL DEFAULT 'Activo',
  `creado_en` datetime NOT NULL DEFAULT CURRENT_TIMESTAMP,
  PRIMARY KEY (`id`),
  KEY `fk_mc_usuario` (`usuario_id`),
  KEY `idx_mc_machote` (`machote_id`,`clausula`),
  KEY `fk_mc_respuesta` (`respuesta_a`),
  CONSTRAINT `fk_mc_machote` FOREIGN KEY (`machote_id`) REFERENCES `rp_convenio_machote` (`id`) ON DELETE CASCADE,
  CONSTRAINT `fk_mc_respuesta` FOREIGN KEY (`respuesta_a`) REFERENCES `rp_machote_comentario` (`id`) ON DELETE CASCADE,
  CONSTRAINT `fk_mc_usuario` FOREIGN KEY (`usuario_id`) REFERENCES `usuario` (`id`) ON DELETE SET NULL
) ENGINE=InnoDB AUTO_INCREMENT=11 DEFAULT CHARSET=utf8mb4 COLLATE=utf8mb4_general_ci;
/*!40101 SET character_set_client = @saved_cs_client */;

--
-- Dumping data for table `rp_machote_comentario`
--

LOCK TABLES `rp_machote_comentario` WRITE;
/*!40000 ALTER TABLE `rp_machote_comentario` DISABLE KEYS */;
INSERT INTO `rp_machote_comentario` VALUES (1,NULL,3,1,'admin','primer comentario','primer comentario',NULL,'pendiente','Activo','2025-12-07 04:50:07'),(2,NULL,4,1,'admin','Clausula Segunda','Clausula 1',NULL,'Archivado','Archivado','2025-12-08 09:12:41'),(3,2,4,NULL,'empresa','','Si correcto',NULL,'Archivado','Archivado','2025-12-08 09:13:06'),(4,NULL,1,1,'admin','Revisar nombre','Favor de revisar el nombre que este correcto',NULL,'resuelto','Activo','2025-12-09 19:16:17'),(5,4,1,NULL,'empresa','','se reviso y esta correcta',NULL,'pendiente','Activo','2025-12-09 19:16:58'),(6,NULL,1,1,'admin','revisar clausula 2','revisar clausula 2',NULL,'resuelto','Activo','2025-12-09 19:18:23'),(7,6,1,NULL,'empresa','','Correcta la clausula',NULL,'pendiente','Activo','2025-12-09 19:18:49'),(8,NULL,1,NULL,'empresa','Favor de cambiar fecha','Favor de cambiar fecha',NULL,'resuelto','Activo','2025-12-09 19:19:43'),(9,8,1,NULL,'admin','','Se corrige fecha',NULL,'pendiente','Activo','2025-12-09 19:20:47'),(10,8,1,NULL,'empresa','','gracias',NULL,'pendiente','Activo','2025-12-09 19:21:02');
/*!40000 ALTER TABLE `rp_machote_comentario` ENABLE KEYS */;
UNLOCK TABLES;

--
-- Table structure for table `rp_machote_revision`
--

DROP TABLE IF EXISTS `rp_machote_revision`;
/*!40101 SET @saved_cs_client     = @@character_set_client */;
/*!50503 SET character_set_client = utf8mb4 */;
CREATE TABLE `rp_machote_revision` (
  `id` bigint NOT NULL AUTO_INCREMENT,
  `empresa_id` bigint NOT NULL,
  `machote_version` varchar(50) COLLATE utf8mb4_general_ci DEFAULT NULL,
  `estado` enum('en_revision','acordado','cancelado','Archivado') COLLATE utf8mb4_general_ci DEFAULT 'en_revision',
  `aprobado_admin` tinyint(1) DEFAULT '0',
  `aprobado_empresa` tinyint(1) DEFAULT '0',
  `creado_en` datetime NOT NULL DEFAULT CURRENT_TIMESTAMP,
  `actualizado_en` datetime NOT NULL DEFAULT CURRENT_TIMESTAMP ON UPDATE CURRENT_TIMESTAMP,
  `cerrado_en` datetime DEFAULT NULL,
  PRIMARY KEY (`id`),
  KEY `idx_rev_emp` (`empresa_id`,`estado`),
  CONSTRAINT `fk_rev_empresa` FOREIGN KEY (`empresa_id`) REFERENCES `rp_empresa` (`id`)
) ENGINE=InnoDB DEFAULT CHARSET=utf8mb4 COLLATE=utf8mb4_general_ci;
/*!40101 SET character_set_client = @saved_cs_client */;

--
-- Dumping data for table `rp_machote_revision`
--

LOCK TABLES `rp_machote_revision` WRITE;
/*!40000 ALTER TABLE `rp_machote_revision` DISABLE KEYS */;
/*!40000 ALTER TABLE `rp_machote_revision` ENABLE KEYS */;
UNLOCK TABLES;

--
-- Table structure for table `rp_machote_revision_file`
--

DROP TABLE IF EXISTS `rp_machote_revision_file`;
/*!40101 SET @saved_cs_client     = @@character_set_client */;
/*!50503 SET character_set_client = utf8mb4 */;
CREATE TABLE `rp_machote_revision_file` (
  `id` bigint NOT NULL AUTO_INCREMENT,
  `msg_id` bigint NOT NULL,
  `filename` varchar(255) COLLATE utf8mb4_general_ci NOT NULL,
  `path` varchar(255) COLLATE utf8mb4_general_ci NOT NULL,
  `mime` varchar(100) COLLATE utf8mb4_general_ci DEFAULT NULL,
  `size_bytes` int DEFAULT NULL,
  `subido_por` enum('admin','empresa') COLLATE utf8mb4_general_ci NOT NULL,
  `creado_en` datetime NOT NULL DEFAULT CURRENT_TIMESTAMP,
  PRIMARY KEY (`id`),
  KEY `idx_file_msg` (`msg_id`),
  CONSTRAINT `fk_file_msg` FOREIGN KEY (`msg_id`) REFERENCES `rp_machote_revision_msg` (`id`)
) ENGINE=InnoDB DEFAULT CHARSET=utf8mb4 COLLATE=utf8mb4_general_ci;
/*!40101 SET character_set_client = @saved_cs_client */;

--
-- Dumping data for table `rp_machote_revision_file`
--

LOCK TABLES `rp_machote_revision_file` WRITE;
/*!40000 ALTER TABLE `rp_machote_revision_file` DISABLE KEYS */;
/*!40000 ALTER TABLE `rp_machote_revision_file` ENABLE KEYS */;
UNLOCK TABLES;

--
-- Table structure for table `rp_machote_revision_msg`
--

DROP TABLE IF EXISTS `rp_machote_revision_msg`;
/*!40101 SET @saved_cs_client     = @@character_set_client */;
/*!50503 SET character_set_client = utf8mb4 */;
CREATE TABLE `rp_machote_revision_msg` (
  `id` bigint NOT NULL AUTO_INCREMENT,
  `revision_id` bigint NOT NULL,
  `parent_id` bigint DEFAULT NULL,
  `asunto` varchar(200) COLLATE utf8mb4_general_ci DEFAULT NULL,
  `cuerpo` text COLLATE utf8mb4_general_ci NOT NULL,
  `autor` enum('admin','empresa') COLLATE utf8mb4_general_ci NOT NULL,
  `estatus` enum('abierto','resuelto','Archivado') COLLATE utf8mb4_general_ci DEFAULT 'abierto',
  `creado_en` datetime NOT NULL DEFAULT CURRENT_TIMESTAMP,
  `actualizado_en` datetime NOT NULL DEFAULT CURRENT_TIMESTAMP ON UPDATE CURRENT_TIMESTAMP,
  PRIMARY KEY (`id`),
  KEY `idx_msg_rev` (`revision_id`),
  KEY `idx_msg_parent` (`parent_id`),
  KEY `idx_msg_status` (`revision_id`,`estatus`),
  CONSTRAINT `fk_msg_parent` FOREIGN KEY (`parent_id`) REFERENCES `rp_machote_revision_msg` (`id`),
  CONSTRAINT `fk_msg_rev` FOREIGN KEY (`revision_id`) REFERENCES `rp_machote_revision` (`id`)
) ENGINE=InnoDB DEFAULT CHARSET=utf8mb4 COLLATE=utf8mb4_general_ci;
/*!40101 SET character_set_client = @saved_cs_client */;

--
-- Dumping data for table `rp_machote_revision_msg`
--

LOCK TABLES `rp_machote_revision_msg` WRITE;
/*!40000 ALTER TABLE `rp_machote_revision_msg` DISABLE KEYS */;
/*!40000 ALTER TABLE `rp_machote_revision_msg` ENABLE KEYS */;
UNLOCK TABLES;

--
-- Table structure for table `rp_portal_acceso`
--

DROP TABLE IF EXISTS `rp_portal_acceso`;
/*!40101 SET @saved_cs_client     = @@character_set_client */;
/*!50503 SET character_set_client = utf8mb4 */;
CREATE TABLE `rp_portal_acceso` (
  `id` bigint NOT NULL AUTO_INCREMENT,
  `empresa_id` bigint NOT NULL,
  `token` char(36) COLLATE utf8mb4_general_ci NOT NULL,
  `nip` varchar(10) COLLATE utf8mb4_general_ci DEFAULT NULL,
  `activo` tinyint(1) NOT NULL DEFAULT '1',
  `expiracion` datetime DEFAULT NULL,
  `creado_en` datetime NOT NULL DEFAULT CURRENT_TIMESTAMP,
  PRIMARY KEY (`id`),
  UNIQUE KEY `uk_portal_token` (`token`),
  KEY `idx_portal_empresa` (`empresa_id`,`activo`),
  CONSTRAINT `fk_portal_empresa` FOREIGN KEY (`empresa_id`) REFERENCES `rp_empresa` (`id`)
) ENGINE=InnoDB AUTO_INCREMENT=22 DEFAULT CHARSET=utf8mb4 COLLATE=utf8mb4_general_ci;
/*!40101 SET character_set_client = @saved_cs_client */;

--
-- Dumping data for table `rp_portal_acceso`
--

LOCK TABLES `rp_portal_acceso` WRITE;
/*!40000 ALTER TABLE `rp_portal_acceso` DISABLE KEYS */;
INSERT INTO `rp_portal_acceso` VALUES (1,1,'c7fa9b1d-f1b2-4c2e-a0c3-57eb1182b252','4821',1,'2025-12-31 23:59:59','2025-12-07 03:18:54'),(2,2,'84f9adbe-6c34-47a1-be98-9330bfeac424','9153',1,'2025-12-31 23:59:59','2025-12-07 03:18:54'),(3,3,'54fb341a-93b0-4405-9b48-748ab9d18228','3329',1,'2025-12-31 23:59:59','2025-12-07 03:18:54'),(4,4,'e3c896c5-1532-4c7b-9c93-8dc2ab78a4af','7740',1,'2025-12-31 23:59:59','2025-12-07 03:18:54'),(5,5,'b8e34167-8a2c-40bb-9d1c-99829a7eff0f','1204',1,'2025-12-31 23:59:59','2025-12-07 03:18:54'),(6,6,'a2ad7d56-0a1e-47fc-bdc2-430afbb1df47','5598',1,'2025-12-31 23:59:59','2025-12-07 03:18:54'),(7,7,'ffb1bc69-d4c0-4ee5-bdbd-4c658a46e33b','8812',1,'2025-12-31 23:59:59','2025-12-07 03:18:54'),(8,8,'3cb5b6a0-df63-45d5-8565-0362446ea55e','6641',1,'2025-12-31 23:59:59','2025-12-07 03:18:54'),(9,9,'6f0a7f23-9911-461b-9cbe-d4d372c8aa7b','2033',1,'2025-12-31 23:59:59','2025-12-07 03:18:54'),(10,10,'12b4c2e7-8a50-4c2b-8c74-21fbbeac41ee','9402',1,'2025-12-31 23:59:59','2025-12-07 03:18:54'),(11,11,'b27b360d-d961-42f8-89cc-77206fd8e52e','5167',1,'2025-12-31 23:59:59','2025-12-07 03:18:54'),(12,12,'a60cd81d-e0f6-4ab1-95e4-1ce68421e1bd','7782',1,'2025-12-31 23:59:59','2025-12-07 03:18:54'),(13,13,'98228756-58ef-45e3-a353-a4f946f81897','1943',1,'2025-12-31 23:59:59','2025-12-07 03:18:54'),(14,14,'73c2d3bc-ab24-4a56-929d-6b79b3f6d4a6','8221',1,'2025-12-31 23:59:59','2025-12-07 03:18:54'),(15,15,'4ecec79d-4770-4de3-9674-f4bf540358d0','6377',1,'2025-12-31 23:59:59','2025-12-07 03:18:54'),(16,16,'01982f90-c5b0-4529-8e60-b55b3114fd24','2841',1,'2025-12-31 23:59:59','2025-12-07 03:18:54'),(17,17,'ecc56d84-48ac-4d33-a4d8-1bb36c5ae5d4','9038',1,'2025-12-31 23:59:59','2025-12-07 03:18:54'),(18,18,'f01f3a2d-c2c4-493b-aa64-66ce574765af','5710',1,'2025-12-31 23:59:59','2025-12-07 03:18:54'),(19,19,'c0e132a7-7720-4fae-9a5c-ca410c865a30','4471',1,'2025-12-31 23:59:59','2025-12-07 03:18:54'),(20,20,'e2c6b90f-e4e6-4ca8-84f4-5c62f633f9f9','3349',1,'2025-12-31 23:59:59','2025-12-07 03:18:54'),(21,21,'abc6e9d0-377b-404e-8b83-326d5c42b301','1111',1,NULL,'2025-12-08 08:03:41');
/*!40000 ALTER TABLE `rp_portal_acceso` ENABLE KEYS */;
UNLOCK TABLES;

--
-- Table structure for table `ss_convenio`
--

DROP TABLE IF EXISTS `ss_convenio`;
/*!40101 SET @saved_cs_client     = @@character_set_client */;
/*!50503 SET character_set_client = utf8mb4 */;
CREATE TABLE `ss_convenio` (
  `id` bigint NOT NULL AUTO_INCREMENT,
  `ss_empresa_id` bigint NOT NULL,
  `estatus` enum('pendiente','vigente','vencido') COLLATE utf8mb4_general_ci DEFAULT 'pendiente',
  `fecha_inicio` date DEFAULT NULL,
  `fecha_fin` date DEFAULT NULL,
  `version_actual` varchar(50) COLLATE utf8mb4_general_ci DEFAULT NULL,
  `creado_en` datetime DEFAULT CURRENT_TIMESTAMP,
  PRIMARY KEY (`id`),
  KEY `fk_ssconvenio_ssempresa` (`ss_empresa_id`),
  CONSTRAINT `fk_ssconvenio_ssempresa` FOREIGN KEY (`ss_empresa_id`) REFERENCES `ss_empresa` (`id`)
) ENGINE=InnoDB AUTO_INCREMENT=8 DEFAULT CHARSET=utf8mb4 COLLATE=utf8mb4_general_ci;
/*!40101 SET character_set_client = @saved_cs_client */;

--
-- Dumping data for table `ss_convenio`
--

LOCK TABLES `ss_convenio` WRITE;
/*!40000 ALTER TABLE `ss_convenio` DISABLE KEYS */;
INSERT INTO `ss_convenio` VALUES (1,1,'vigente','2025-01-01','2025-12-31','v1','2025-09-22 05:40:37'),(2,2,'vigente','2025-02-01','2025-12-31','v1','2025-09-22 05:40:37'),(3,3,'pendiente','2025-03-01',NULL,'v0.9','2025-09-22 05:40:37');
/*!40000 ALTER TABLE `ss_convenio` ENABLE KEYS */;
UNLOCK TABLES;

--
-- Table structure for table `ss_descarga_log`
--

DROP TABLE IF EXISTS `ss_descarga_log`;
/*!40101 SET @saved_cs_client     = @@character_set_client */;
/*!50503 SET character_set_client = utf8mb4 */;
CREATE TABLE `ss_descarga_log` (
  `id` bigint NOT NULL AUTO_INCREMENT,
  `estudiante_id` bigint NOT NULL,
  `periodo_id` bigint NOT NULL,
  `doc_tipo_id` bigint NOT NULL,
  `descargado_en` datetime NOT NULL DEFAULT CURRENT_TIMESTAMP,
  `ip` varchar(45) COLLATE utf8mb4_general_ci DEFAULT NULL,
  `user_agent` varchar(255) COLLATE utf8mb4_general_ci DEFAULT NULL,
  PRIMARY KEY (`id`),
  KEY `idx_descarga_est_per` (`estudiante_id`,`periodo_id`),
  KEY `idx_descarga_doc` (`doc_tipo_id`),
  KEY `fk_descarga_periodo` (`periodo_id`),
  CONSTRAINT `fk_descarga_doctipo` FOREIGN KEY (`doc_tipo_id`) REFERENCES `ss_doc_tipo` (`id`),
  CONSTRAINT `fk_descarga_est` FOREIGN KEY (`estudiante_id`) REFERENCES `ss_estudiante` (`id`),
  CONSTRAINT `fk_descarga_periodo` FOREIGN KEY (`periodo_id`) REFERENCES `ss_periodo` (`id`)
) ENGINE=InnoDB AUTO_INCREMENT=4 DEFAULT CHARSET=utf8mb4 COLLATE=utf8mb4_general_ci;
/*!40101 SET character_set_client = @saved_cs_client */;

--
-- Dumping data for table `ss_descarga_log`
--

LOCK TABLES `ss_descarga_log` WRITE;
/*!40000 ALTER TABLE `ss_descarga_log` DISABLE KEYS */;
INSERT INTO `ss_descarga_log` VALUES (1,1,1,1,'2025-09-22 10:05:00','201.141.1.10','Mozilla/5.0 (Windows 10)'),(2,1,1,2,'2025-09-22 10:06:30','201.141.1.10','Mozilla/5.0 (Windows 10)'),(3,2,3,1,'2025-09-25 08:15:20','187.190.2.20','Mozilla/5.0 (Android 13)');
/*!40000 ALTER TABLE `ss_descarga_log` ENABLE KEYS */;
UNLOCK TABLES;

--
-- Table structure for table `ss_doc`
--

DROP TABLE IF EXISTS `ss_doc`;
/*!40101 SET @saved_cs_client     = @@character_set_client */;
/*!50503 SET character_set_client = utf8mb4 */;
CREATE TABLE `ss_doc` (
  `id` bigint NOT NULL AUTO_INCREMENT,
  `periodo_id` bigint NOT NULL,
  `tipo_id` bigint NOT NULL,
  `ruta` varchar(255) COLLATE utf8mb4_general_ci DEFAULT NULL,
  `recibido` tinyint(1) NOT NULL DEFAULT '0',
  `estatus` enum('pendiente','aprobado','rechazado') COLLATE utf8mb4_general_ci NOT NULL DEFAULT 'pendiente',
  `observacion` text COLLATE utf8mb4_general_ci,
  `actualizado_en` datetime NOT NULL DEFAULT CURRENT_TIMESTAMP ON UPDATE CURRENT_TIMESTAMP,
  PRIMARY KEY (`id`),
  UNIQUE KEY `uk_doc_ss` (`periodo_id`,`tipo_id`),
  KEY `idx_docss_periodo` (`periodo_id`,`estatus`),
  KEY `fk_docss_tipo` (`tipo_id`),
  CONSTRAINT `fk_docss_periodo` FOREIGN KEY (`periodo_id`) REFERENCES `ss_periodo` (`id`),
  CONSTRAINT `fk_docss_tipo` FOREIGN KEY (`tipo_id`) REFERENCES `ss_doc_tipo` (`id`)
) ENGINE=InnoDB AUTO_INCREMENT=7 DEFAULT CHARSET=utf8mb4 COLLATE=utf8mb4_general_ci;
/*!40101 SET character_set_client = @saved_cs_client */;

--
-- Dumping data for table `ss_doc`
--

LOCK TABLES `ss_doc` WRITE;
/*!40000 ALTER TABLE `ss_doc` DISABLE KEYS */;
INSERT INTO `ss_doc` VALUES (1,1,1,'/ss/1/periodo1/carta_presentacion.pdf',1,'aprobado',NULL,'2025-09-09 21:49:52'),(2,1,2,'/ss/1/periodo1/oficio_aceptacion.pdf',1,'rechazado','Falta sello de la empresa','2025-09-09 21:49:52'),(3,2,3,NULL,0,'pendiente',NULL,'2025-09-09 21:50:01'),(4,3,1,NULL,1,'aprobado',NULL,'2025-09-09 21:50:14'),(5,3,2,NULL,0,'pendiente','Falta Oficio de aceptacion para subir y el baje y el firme','2025-10-01 06:33:19');
/*!40000 ALTER TABLE `ss_doc` ENABLE KEYS */;
UNLOCK TABLES;

--
-- Table structure for table `ss_doc_global`
--

DROP TABLE IF EXISTS `ss_doc_global`;
/*!40101 SET @saved_cs_client     = @@character_set_client */;
/*!50503 SET character_set_client = utf8mb4 */;
CREATE TABLE `ss_doc_global` (
  `id` bigint NOT NULL AUTO_INCREMENT,
  `tipo_id` bigint NOT NULL,
  `nombre` varchar(191) NOT NULL,
  `descripcion` text,
  `ruta` varchar(255) NOT NULL,
  `estatus` enum('activo','inactivo') DEFAULT 'activo',
  `creado_en` datetime DEFAULT CURRENT_TIMESTAMP,
  `actualizado_en` datetime DEFAULT CURRENT_TIMESTAMP ON UPDATE CURRENT_TIMESTAMP,
  PRIMARY KEY (`id`),
  KEY `fk_ssdocglobal_tipo` (`tipo_id`)
) ENGINE=MyISAM AUTO_INCREMENT=6 DEFAULT CHARSET=latin1;
/*!40101 SET character_set_client = @saved_cs_client */;

--
-- Dumping data for table `ss_doc_global`
--

LOCK TABLES `ss_doc_global` WRITE;
/*!40000 ALTER TABLE `ss_doc_global` DISABLE KEYS */;
INSERT INTO `ss_doc_global` VALUES (1,1,'Carta de Presentación','Documento oficial que el estudiante debe entregar a la empresa antes de iniciar el servicio social.','uploads/documentos_globales/carta_presentacion.pdf','activo','2025-10-01 07:23:33','2025-10-01 07:23:33'),(2,2,'Carta de Aceptación','Formato que la empresa debe firmar y sellar para confirmar la aceptación del estudiante.','uploads/documentos_globales/carta_aceptacion.pdf','activo','2025-10-01 07:23:33','2025-10-01 07:23:33'),(3,3,'Plan de Trabajos','Formato que detalla las actividades, objetivos y metas que el estudiante realizará durante su servicio social.\r\ntest test test test test test test test test test test test','uploads/documentos_globales/plan_trabajo.pdf','activo','2025-10-01 07:23:33','2025-10-01 09:52:43');
/*!40000 ALTER TABLE `ss_doc_global` ENABLE KEYS */;
UNLOCK TABLES;

--
-- Table structure for table `ss_doc_tipo`
--

DROP TABLE IF EXISTS `ss_doc_tipo`;
/*!40101 SET @saved_cs_client     = @@character_set_client */;
/*!50503 SET character_set_client = utf8mb4 */;
CREATE TABLE `ss_doc_tipo` (
  `id` bigint NOT NULL AUTO_INCREMENT,
  `periodo_num` int NOT NULL,
  `nombre` varchar(120) COLLATE utf8mb4_general_ci NOT NULL,
  `descripcion` text COLLATE utf8mb4_general_ci,
  `obligatorio` tinyint(1) NOT NULL DEFAULT '1',
  PRIMARY KEY (`id`),
  UNIQUE KEY `uk_doc_tipo_ss` (`periodo_num`,`nombre`)
) ENGINE=InnoDB AUTO_INCREMENT=6 DEFAULT CHARSET=utf8mb4 COLLATE=utf8mb4_general_ci;
/*!40101 SET character_set_client = @saved_cs_client */;

--
-- Dumping data for table `ss_doc_tipo`
--

LOCK TABLES `ss_doc_tipo` WRITE;
/*!40000 ALTER TABLE `ss_doc_tipo` DISABLE KEYS */;
INSERT INTO `ss_doc_tipo` VALUES (1,1,'Carta de presentación',NULL,1),(2,1,'Oficio de aceptación',NULL,1),(3,2,'Reporte parcial',NULL,1),(4,3,'Reporte final',NULL,1),(5,3,'Carta de término',NULL,1);
/*!40000 ALTER TABLE `ss_doc_tipo` ENABLE KEYS */;
UNLOCK TABLES;

--
-- Table structure for table `ss_empresa`
--

DROP TABLE IF EXISTS `ss_empresa`;
/*!40101 SET @saved_cs_client     = @@character_set_client */;
/*!50503 SET character_set_client = utf8mb4 */;
CREATE TABLE `ss_empresa` (
  `id` bigint NOT NULL AUTO_INCREMENT,
  `nombre` varchar(191) COLLATE utf8mb4_general_ci NOT NULL,
  `contacto_nombre` varchar(191) COLLATE utf8mb4_general_ci DEFAULT NULL,
  `contacto_email` varchar(191) COLLATE utf8mb4_general_ci DEFAULT NULL,
  `telefono` varchar(30) COLLATE utf8mb4_general_ci DEFAULT NULL,
  `direccion` varchar(191) COLLATE utf8mb4_general_ci DEFAULT NULL,
  `estado` enum('activo','inactivo') COLLATE utf8mb4_general_ci DEFAULT 'activo',
  `creado_en` datetime DEFAULT CURRENT_TIMESTAMP,
  PRIMARY KEY (`id`)
) ENGINE=InnoDB AUTO_INCREMENT=7 DEFAULT CHARSET=utf8mb4 COLLATE=utf8mb4_general_ci;
/*!40101 SET character_set_client = @saved_cs_client */;

--
-- Dumping data for table `ss_empresa`
--

LOCK TABLES `ss_empresa` WRITE;
/*!40000 ALTER TABLE `ss_empresa` DISABLE KEYS */;
INSERT INTO `ss_empresa` VALUES (1,'Universidad Tecnológica del Centro','Dra. María López','maria.lopez@utc.edu','555-1234567','Av. Principal 123, Ciudad A','activo','2025-09-22 05:40:37'),(2,'Hospital General San José','Dr. Juan Pérez','juan.perez@hgsj.mx','555-9876543','Calle Salud 45, Ciudad B','activo','2025-09-22 05:40:37'),(3,'Biblioteca Municipal Central TEST','Lic. Torres Torres','ana.torres@biblio.gob.mx.TEST','555-4567999','Plaza Mayor s/n, Ciudad C. TEST','inactivo','2025-09-22 05:40:37'),(4,'Empreza Test','ING. Test','Test@test.com','2233444433','test, av test. CP 44444','activo','2025-10-02 09:10:27'),(6,'NEW EMPRESA','ING. Hector','hector@tech.com','333333333','tequila, av tech 3333','activo','2025-10-02 10:08:55');
/*!40000 ALTER TABLE `ss_empresa` ENABLE KEYS */;
UNLOCK TABLES;

--
-- Table structure for table `ss_estudiante`
--

DROP TABLE IF EXISTS `ss_estudiante`;
/*!40101 SET @saved_cs_client     = @@character_set_client */;
/*!50503 SET character_set_client = utf8mb4 */;
CREATE TABLE `ss_estudiante` (
  `id` bigint NOT NULL AUTO_INCREMENT,
  `nombre` varchar(191) COLLATE utf8mb4_general_ci NOT NULL,
  `matricula` varchar(50) COLLATE utf8mb4_general_ci NOT NULL,
  `carrera` varchar(100) COLLATE utf8mb4_general_ci DEFAULT NULL,
  `semestre` int DEFAULT NULL,
  `plaza_id` bigint DEFAULT NULL,
  `dependencia_asignada` varchar(191) COLLATE utf8mb4_general_ci DEFAULT NULL,
  `proyecto` varchar(255) COLLATE utf8mb4_general_ci DEFAULT NULL,
  `periodo_inicio` date DEFAULT NULL,
  `periodo_fin` date DEFAULT NULL,
  `horas_acumuladas` int DEFAULT '0',
  `horas_requeridas` int DEFAULT '480',
  `estado_servicio` enum('pendiente','en_curso','concluido','cancelado') COLLATE utf8mb4_general_ci DEFAULT 'pendiente',
  `asesor_interno` varchar(191) COLLATE utf8mb4_general_ci DEFAULT NULL,
  `documentos_entregados` text COLLATE utf8mb4_general_ci,
  `observaciones` text COLLATE utf8mb4_general_ci,
  `email` varchar(191) COLLATE utf8mb4_general_ci DEFAULT NULL,
  `telefono` varchar(30) COLLATE utf8mb4_general_ci DEFAULT NULL,
  `creado_en` datetime NOT NULL DEFAULT CURRENT_TIMESTAMP,
  PRIMARY KEY (`id`),
  UNIQUE KEY `uk_estudiante_matricula` (`matricula`),
  KEY `fk_estudiante_plaza` (`plaza_id`),
  CONSTRAINT `fk_estudiante_plaza` FOREIGN KEY (`plaza_id`) REFERENCES `ss_plaza` (`id`) ON DELETE SET NULL
) ENGINE=InnoDB AUTO_INCREMENT=10 DEFAULT CHARSET=utf8mb4 COLLATE=utf8mb4_general_ci;
/*!40101 SET character_set_client = @saved_cs_client */;

--
-- Dumping data for table `ss_estudiante`
--

LOCK TABLES `ss_estudiante` WRITE;
/*!40000 ALTER TABLE `ss_estudiante` DISABLE KEYS */;
INSERT INTO `ss_estudiante` VALUES (1,'Ana Rodríguez','A012345','Ing. Informática',8,NULL,'Secretaría de Innovación y Tecnología del Estado','Desarrollo de Sistema de Control de Documentos para Dependencias Gubernamentales','2025-02-01','2025-07-31',120,480,'en_curso','Ing. Fernando López','Carta de presentación, Carta de aceptación, Plan de trabajo','El estudiante ha mostrado excelente desempeño en el área asignada. Pendiente entregar reporte intermedio.','ana.rodriguez@alumno.edu.mx','3310000001','2025-09-09 21:49:09'),(2,'Diego López','A067890','Ing. Sistemas',9,11,'Dirección de Tecnologías Municipales','Implementación de un sistema web de gestión de reportes ciudadanos','2025-03-01','2025-08-30',80,480,'en_curso','Ing. Patricia Morales','Carta de presentación, Carta de aceptación','Buen desempeño inicial. Falta entregar plan de trabajo.','diego.lopez@alumno.edu.mx','3310000002','2025-09-09 21:49:09'),(3,'Karla Méndez','A045678','Ing. Gestión',7,7,'Secretaría de Planeación y Desarrollo','Optimización del proceso de gestión de recursos humanos con software interno','2025-02-15','2025-07-31',200,480,'en_curso','Mtro. Alejandro Rivera','Carta de presentación, Carta de aceptación, Plan de trabajo','En proceso de cumplir con el reporte intermedio. Participación activa en el proyecto.','karla.mendez@alumno.edu.mx','3310000003','2025-09-09 21:49:09'),(4,'Juan Pérez López','20230045','Ingeniería Informática',8,NULL,'Centro Estatal de Innovación Tecnológica','Desarrollo de un módulo de autenticación para intranet institucional','2025-02-01','2025-07-15',300,480,'en_curso','Ing. Laura Fernández','Carta de presentación, Carta de aceptación, Plan de trabajo, Reporte intermedio','Avance del 60% del proyecto. Buen desempeño técnico.','juanp@escuela.mx','555-123-4567','2025-09-18 04:47:37'),(5,'hector ruiz','c230023','ING-Informatica',9,NULL,'Departamento de Innovación Educativa','Plataforma web para seguimiento de prácticas profesionales','2025-02-20','2025-07-20',150,480,'en_curso','Lic. Sofía Martínez','Carta de presentación, Carta de aceptación','Debe entregar plan de trabajo y comenzar con reporte de avance.','test@edutest.com','112211221','2025-09-18 06:21:30'),(6,'marten','c001001','ING-Informatica',8,NULL,'Secretaría de Economía Digital','Sistema de registro de proveedores en línea','2025-03-01','2025-08-01',50,480,'pendiente','Ing. Rodrigo González','Carta de presentación','Esperando aceptación de dependencia. No ha iniciado el proyecto.','test@edutest.com','332233232','2025-09-18 21:45:25'),(7,'marteenenene','C239999','ING-INFORMATICAA',7,11,'Unidad de Sistemas del Ayuntamiento','Módulo para gestión de solicitudes en portal ciudadano','2025-02-10','2025-07-30',300,480,'en_curso','Mtra. Adriana Vargas','Carta de presentación, Carta de aceptación, Plan de trabajo','Ha tenido retrasos menores por cambio en requerimientos.','test22@edutest.com','123443213','2025-09-18 21:46:09'),(9,'Oliver','OLI001199','ING.CIVIL',NULL,NULL,NULL,NULL,NULL,NULL,0,480,'pendiente',NULL,NULL,NULL,'Oliver@tech.com','3344334433','2025-09-28 03:44:50');
/*!40000 ALTER TABLE `ss_estudiante` ENABLE KEYS */;
UNLOCK TABLES;

--
-- Table structure for table `ss_periodo`
--

DROP TABLE IF EXISTS `ss_periodo`;
/*!40101 SET @saved_cs_client     = @@character_set_client */;
/*!50503 SET character_set_client = utf8mb4 */;
CREATE TABLE `ss_periodo` (
  `id` bigint NOT NULL AUTO_INCREMENT,
  `servicio_id` bigint NOT NULL,
  `numero` int NOT NULL,
  `nombre_periodo` varchar(100) COLLATE utf8mb4_general_ci DEFAULT NULL,
  `estatus` enum('abierto','en_revision','completado') COLLATE utf8mb4_general_ci NOT NULL DEFAULT 'abierto',
  `abierto_en` datetime NOT NULL DEFAULT CURRENT_TIMESTAMP,
  `cerrado_en` datetime DEFAULT NULL,
  PRIMARY KEY (`id`),
  UNIQUE KEY `uk_periodo_serv_num` (`servicio_id`,`numero`),
  KEY `idx_periodo_estatus` (`estatus`),
  CONSTRAINT `fk_periodo_servicio` FOREIGN KEY (`servicio_id`) REFERENCES `ss_servicio` (`id`)
) ENGINE=InnoDB AUTO_INCREMENT=10 DEFAULT CHARSET=utf8mb4 COLLATE=utf8mb4_general_ci;
/*!40101 SET character_set_client = @saved_cs_client */;

--
-- Dumping data for table `ss_periodo`
--

LOCK TABLES `ss_periodo` WRITE;
/*!40000 ALTER TABLE `ss_periodo` DISABLE KEYS */;
INSERT INTO `ss_periodo` VALUES (1,1,1,'Feb?Jul 2025','en_revision','2025-09-22 09:00:00',NULL),(2,1,2,'Ago?Dic 2025','abierto','2025-10-20 09:00:00',NULL),(3,2,1,'Feb?Jul 2024','abierto','2025-09-22 09:00:00','2025-10-31 00:00:00'),(4,3,1,'Ago?Dic 2024','en_revision','2025-09-29 06:29:00',NULL);
/*!40000 ALTER TABLE `ss_periodo` ENABLE KEYS */;
UNLOCK TABLES;

--
-- Table structure for table `ss_plaza`
--

DROP TABLE IF EXISTS `ss_plaza`;
/*!40101 SET @saved_cs_client     = @@character_set_client */;
/*!50503 SET character_set_client = utf8mb4 */;
CREATE TABLE `ss_plaza` (
  `id` bigint NOT NULL AUTO_INCREMENT,
  `nombre` varchar(191) COLLATE utf8mb4_general_ci NOT NULL,
  `ss_empresa_id` bigint DEFAULT NULL,
  `ss_convenio_id` bigint DEFAULT NULL,
  `direccion` varchar(191) COLLATE utf8mb4_general_ci DEFAULT NULL,
  `cupo` int DEFAULT NULL,
  `periodo_inicio` date DEFAULT NULL,
  `periodo_fin` date DEFAULT NULL,
  `modalidad` enum('presencial','hibrida','remota') COLLATE utf8mb4_general_ci DEFAULT 'presencial',
  `actividades` text COLLATE utf8mb4_general_ci,
  `requisitos` text COLLATE utf8mb4_general_ci,
  `responsable_nombre` varchar(191) COLLATE utf8mb4_general_ci DEFAULT NULL,
  `responsable_puesto` varchar(191) COLLATE utf8mb4_general_ci DEFAULT NULL,
  `responsable_email` varchar(191) COLLATE utf8mb4_general_ci DEFAULT NULL,
  `responsable_tel` varchar(50) COLLATE utf8mb4_general_ci DEFAULT NULL,
  `ubicacion` varchar(191) COLLATE utf8mb4_general_ci DEFAULT NULL,
  `estado` enum('activa','inactiva') COLLATE utf8mb4_general_ci DEFAULT 'activa',
  `observaciones` text COLLATE utf8mb4_general_ci,
  `creado_en` datetime DEFAULT CURRENT_TIMESTAMP,
  PRIMARY KEY (`id`),
  KEY `fk_plaza_ss_empresa` (`ss_empresa_id`),
  KEY `fk_plaza_ss_convenio` (`ss_convenio_id`),
  CONSTRAINT `fk_plaza_ss_convenio` FOREIGN KEY (`ss_convenio_id`) REFERENCES `ss_convenio` (`id`),
  CONSTRAINT `fk_plaza_ss_empresa` FOREIGN KEY (`ss_empresa_id`) REFERENCES `ss_empresa` (`id`) ON DELETE SET NULL
) ENGINE=InnoDB AUTO_INCREMENT=25 DEFAULT CHARSET=utf8mb4 COLLATE=utf8mb4_general_ci;
/*!40101 SET character_set_client = @saved_cs_client */;

--
-- Dumping data for table `ss_plaza`
--

LOCK TABLES `ss_plaza` WRITE;
/*!40000 ALTER TABLE `ss_plaza` DISABLE KEYS */;
INSERT INTO `ss_plaza` VALUES (4,'Auxiliar de Laboratorio',1,1,'Campus Central, Edificio B',5,'2025-02-01','2025-07-31','presencial','Apoyo en prácticas de laboratorio, limpieza de material, registro de resultados.','Estudiante de Ingeniería Química o afín. Conocimientos básicos en seguridad de laboratorio.','Dra. Laura Sánchez','Coordinadora de Laboratorio','lsanchez@universidad.edu.mx','555-123-4567','Campus Central, Edificio B, Laboratorio 2','activa','Se requiere bata y gafas de seguridad.','2025-09-23 00:52:54'),(5,'Soporte de Sistemas',1,1,'Campus Central, Edificio C',3,'2025-03-01','2025-08-30','presencial','Mantenimiento de equipos, instalación de software, soporte a usuarios.','Estudiante de Informática o Sistemas. Conocimiento en Windows/Linux.','Ing. Marco Gómez','Jefe de Soporte Técnico','mgomez@universidad.edu.mx','555-987-6543','Edificio C, Oficina de TI','activa','Disponibilidad de medio tiempo.','2025-09-23 00:52:54'),(6,'Asistente de Enfermería',2,2,'Área de Urgencias',10,'2025-01-15','2025-06-15','presencial','Apoyo en atención básica a pacientes, registro de signos vitales, control de insumos médicos.','Estudiante de Enfermería. Conocimientos básicos en primeros auxilios.','Lic. Carmen Rivera','Jefa de Enfermería','crivera@hospital.org.mx','555-456-7890','Hospital General, Área de Urgencias','activa','Turnos rotativos.','2025-09-23 00:52:54'),(7,'Archivo Clínico',2,2,'Edificio Administrativo',2,'2025-02-10','2025-07-30','presencial','Organización de expedientes, digitalización de archivos, apoyo en consultas.','Estudiante de Archivonomía, Administración o afín.','Lic. Roberto López','Encargado de Archivo','rlopez@hospital.org.mx','555-765-4321','Edificio Administrativo, Archivo Clínico','activa','Trabajo principalmente en oficina.','2025-09-23 00:52:54'),(8,'Gestión Cultural',3,3,'Sala Principal',4,'2025-03-05','2025-08-15','presencial','Apoyo en organización de eventos culturales, difusión de actividades, atención a público.','Estudiante de Gestión Cultural, Comunicación o afín. Habilidades de comunicación.','Mtro. Alejandro Pérez','Coordinador de Cultura','aperez@instituto-cultural.mx','555-321-7894','Sala Principal del Instituto Cultural','activa','Disponibilidad algunos fines de semana.','2025-09-23 00:52:54'),(9,'Auxiliar para vinculacion',1,1,'Andares 33',3,'2025-10-01','2025-10-31','remota','se require monitorear Incidentes','Tener computadora propia e Internet','Francisco','Supervisor','francisco@hcl.com','33 133 13333','Guadalajara','activa','Horario: L - V 9:00 AM - 3:00 PM\nRevisar equipo antes de asignar estudiante','2025-09-23 02:46:34'),(11,'IT LOCAL',1,1,'Andares 33',3,'2025-10-01','2025-10-31','presencial','Ponchar cables Monitorear','Laptop equipo ponchar','Marcos','Jefe Sistema','marco@tech.com','122342342','Tequila','activa','Horario: L - V 9:AM - 3PM\nSe dara ayuda','2025-09-25 01:56:04'),(22,'Soporte Técnico',1,1,'Campus Central, Edificio B',3,'2025-02-01','2025-07-31','presencial','Brindar soporte a usuarios, mantenimiento preventivo de equipos, instalación de software.','Estudiante de Informática o Sistemas. Conocimiento básico en Windows/Linux.','Ing. Luis Hernández','Jefe de Soporte','lhernandez@empresa.com','555-123-4567','Campus Central - Oficina de TI','activa','Horario: Lunes a Viernes 9:00 - 14:00','2025-09-30 02:29:19'),(23,'Asistente Administrativo',2,2,'Edificio Administrativo, Oficina 102',2,'2025-03-01','2025-08-30','hibrida','Apoyo en gestión documental, atención telefónica, elaboración de reportes.','Estudiante de Administración o afín. Manejo de paquetería Office.','Lic. Marta Pérez','Coordinadora Administrativa','mperez@empresa.com','555-987-6543','Campus Central - Oficina 102','activa','Disponibilidad para asistir a juntas presenciales 1 vez por semana.','2025-09-30 02:29:19'),(24,'Analista de Datos Junior',3,3,'Remoto',4,'2025-04-01','2025-09-30','remota','Recolección, limpieza y análisis de datos. Elaboración de reportes en Excel y Power BI.','Estudiante de Ingeniería en Sistemas, Informática o Matemáticas. Conocimientos en Excel y SQL.','Mtro. Ricardo Flores','Analista Senior','rflores@empresa.com','555-654-7890','Trabajo 100% remoto','activa','Requiere conexión a internet estable y disponibilidad para reuniones semanales.','2025-09-30 02:29:19');
/*!40000 ALTER TABLE `ss_plaza` ENABLE KEYS */;
UNLOCK TABLES;

--
-- Table structure for table `ss_servicio`
--

DROP TABLE IF EXISTS `ss_servicio`;
/*!40101 SET @saved_cs_client     = @@character_set_client */;
/*!50503 SET character_set_client = utf8mb4 */;
CREATE TABLE `ss_servicio` (
  `id` bigint NOT NULL AUTO_INCREMENT,
  `estudiante_id` bigint NOT NULL,
  `plaza_id` bigint DEFAULT NULL,
  `estatus` enum('prealta','activo','concluido','cancelado') COLLATE utf8mb4_general_ci NOT NULL DEFAULT 'prealta',
  `horas_acumuladas` int NOT NULL DEFAULT '0',
  `observaciones` text COLLATE utf8mb4_general_ci,
  `creado_en` datetime NOT NULL DEFAULT CURRENT_TIMESTAMP,
  PRIMARY KEY (`id`),
  KEY `idx_serv_est` (`estudiante_id`,`estatus`),
  KEY `idx_serv_plaza` (`plaza_id`),
  CONSTRAINT `fk_serv_estudiante` FOREIGN KEY (`estudiante_id`) REFERENCES `ss_estudiante` (`id`),
  CONSTRAINT `fk_serv_plaza` FOREIGN KEY (`plaza_id`) REFERENCES `ss_plaza` (`id`) ON DELETE SET NULL
) ENGINE=InnoDB AUTO_INCREMENT=7 DEFAULT CHARSET=utf8mb4 COLLATE=utf8mb4_general_ci;
/*!40101 SET character_set_client = @saved_cs_client */;

--
-- Dumping data for table `ss_servicio`
--

LOCK TABLES `ss_servicio` WRITE;
/*!40000 ALTER TABLE `ss_servicio` DISABLE KEYS */;
INSERT INTO `ss_servicio` VALUES (1,1,NULL,'activo',40,NULL,'2025-09-09 21:49:26'),(2,2,11,'concluido',10,'Se cerro El Servicio Exitosamente Veamos.\r\nFecha de cierre: 2025-10-01','2025-09-09 21:49:26'),(3,3,NULL,'prealta',0,NULL,'2025-09-09 21:49:26'),(4,1,4,'activo',40,NULL,'2025-09-30 02:17:10'),(5,2,5,'activo',20,NULL,'2025-09-30 02:17:10'),(6,3,6,'prealta',0,NULL,'2025-09-30 02:17:10');
/*!40000 ALTER TABLE `ss_servicio` ENABLE KEYS */;
UNLOCK TABLES;

--
-- Table structure for table `usuario`
--

DROP TABLE IF EXISTS `usuario`;
/*!40101 SET @saved_cs_client     = @@character_set_client */;
/*!50503 SET character_set_client = utf8mb4 */;
CREATE TABLE `usuario` (
  `id` bigint NOT NULL AUTO_INCREMENT,
  `nombre` varchar(191) COLLATE utf8mb4_general_ci NOT NULL,
  `email` varchar(191) COLLATE utf8mb4_general_ci NOT NULL,
  `password_hash` varchar(255) COLLATE utf8mb4_general_ci NOT NULL,
  `rol` enum('res_admin','editor','capturista','ss_admin','estudiante') COLLATE utf8mb4_general_ci NOT NULL,
  `activo` tinyint(1) NOT NULL DEFAULT '1',
  `creado_en` datetime NOT NULL DEFAULT CURRENT_TIMESTAMP,
  `estudiante_id` bigint DEFAULT NULL,
  PRIMARY KEY (`id`),
  UNIQUE KEY `uk_usuario_email` (`email`),
  KEY `idx_usuario_rol` (`rol`),
  KEY `fk_usuario_estudiante` (`estudiante_id`),
  CONSTRAINT `fk_usuario_estudiante` FOREIGN KEY (`estudiante_id`) REFERENCES `ss_estudiante` (`id`) ON DELETE SET NULL
) ENGINE=InnoDB AUTO_INCREMENT=11 DEFAULT CHARSET=utf8mb4 COLLATE=utf8mb4_general_ci;
/*!40101 SET character_set_client = @saved_cs_client */;

--
-- Dumping data for table `usuario`
--

LOCK TABLES `usuario` WRITE;
/*!40000 ALTER TABLE `usuario` DISABLE KEYS */;
INSERT INTO `usuario` VALUES (1,'Admin Residencia','admin.res@test.com','$2y$10$MpDYyW5ktzewZev6yyww/.aMnJK.1c6lU5xxEVb93FIBRGl674SgK','res_admin',1,'2025-09-16 04:28:53',NULL),(2,'Admin Servicio Social','admin.ss@test.com','$2y$2y$10$2NMwBI.2bvR8Oi421.bXt.e9Wy0DteZ8Mn5GBEiXSt1px76Mm4Lnq','ss_admin',1,'2025-09-16 04:28:53',NULL),(3,'Estudiante Demo','estu.demo@test.com','$2y$2y$10$dL176gHL3v1MD9tfDxx0befSnPafLYGzXI1pB6WmGm97Y0uCNuqoC','estudiante',1,'2025-09-16 04:28:53',NULL),(5,'Juan Pérez López','juanp@escuela.mx','$2y$10$KVeJuiSv4IeWhcbz4UQcYeq8h3ChRUCbfEoxJbV5Qq4KyX7AZfyue','estudiante',1,'2025-09-18 04:51:03',4),(6,'hector ruiz','test@edutest.com','$2y$10$tW0xYRX4wHnNIwveP5liEOvoO9SpvyBWDq3de5E8Y6DLko1/f3ZGe','estudiante',1,'2025-09-18 06:21:30',5),(8,'marteenenene','test22@edutest.com','$2y$10$hId85icgg/PJ8Z4NlEp3IOTdpvIC8oktaJbq0OS..Gv/IjN4LE2vO','estudiante',1,'2025-09-18 21:46:10',7),(10,'Oliver','Oliver@tech.com','$2y$10$qKBIXDNuI4zr/dVSZbg7Wuw864nEH7fdhcbBkkkGu7t0BsM7vDcSC','estudiante',1,'2025-09-28 03:44:50',9);
/*!40000 ALTER TABLE `usuario` ENABLE KEYS */;
UNLOCK TABLES;
/*!40103 SET TIME_ZONE=@OLD_TIME_ZONE */;

/*!40101 SET SQL_MODE=@OLD_SQL_MODE */;
/*!40014 SET FOREIGN_KEY_CHECKS=@OLD_FOREIGN_KEY_CHECKS */;
/*!40014 SET UNIQUE_CHECKS=@OLD_UNIQUE_CHECKS */;
/*!40101 SET CHARACTER_SET_CLIENT=@OLD_CHARACTER_SET_CLIENT */;
/*!40101 SET CHARACTER_SET_RESULTS=@OLD_CHARACTER_SET_RESULTS */;
/*!40101 SET COLLATION_CONNECTION=@OLD_COLLATION_CONNECTION */;
/*!40111 SET SQL_NOTES=@OLD_SQL_NOTES */;

-- Dump completed on 2025-12-10  8:01:17
